BRL,2022-01-01,6.3101
BRL,2021-12-31,6.3101
BRL,2021-12-30,6.3734
BRL,2021-12-29,6.3824
BRL,2021-12-28,6.3981
BRL,2021-12-27,6.4157
BRL,2021-12-26,6.4229
BRL,2021-12-25,6.4229
BRL,2021-12-24,6.4229
BRL,2021-12-23,6.4015
BRL,2021-12-22,6.4616
BRL,2021-12-21,6.4573
BRL,2021-12-20,6.4219
BRL,2021-12-19,6.4648
BRL,2021-12-18,6.4648
BRL,2021-12-17,6.4648
BRL,2021-12-16,6.4378
BRL,2021-12-15,6.4354
BRL,2021-12-14,6.3723
BRL,2021-12-13,6.319
BRL,2021-12-12,6.2923
BRL,2021-12-11,6.2923
BRL,2021-12-10,6.2923
BRL,2021-12-09,6.2718
BRL,2021-12-08,6.335
BRL,2021-12-07,6.3327
BRL,2021-12-06,6.416
BRL,2021-12-05,6.3687
BRL,2021-12-04,6.3687
BRL,2021-12-03,6.3687
BRL,2021-12-02,6.3935
BRL,2021-12-01,6.3498
BRL,2021-11-30,6.3762
BRL,2021-11-29,6.3184
BRL,2021-11-28,6.3286
BRL,2021-11-27,6.3286
BRL,2021-11-26,6.3286
BRL,2021-11-25,6.2643
BRL,2021-11-24,6.2705
BRL,2021-11-23,6.3298
BRL,2021-11-22,6.3043
BRL,2021-11-21,6.268
BRL,2021-11-20,6.268
BRL,2021-11-19,6.268
BRL,2021-11-18,6.2839
BRL,2021-11-17,6.2028
BRL,2021-11-16,6.1838
BRL,2021-11-15,6.2458
BRL,2021-11-14,6.1902
BRL,2021-11-13,6.1902
BRL,2021-11-12,6.1902
BRL,2021-11-11,6.2383
BRL,2021-11-10,6.2965
BRL,2021-11-09,6.3847
BRL,2021-11-08,6.4669
BRL,2021-11-07,6.4193
BRL,2021-11-06,6.4193
BRL,2021-11-05,6.4193
BRL,2021-11-04,6.4833
BRL,2021-11-03,6.5663
BRL,2021-11-02,6.5907
BRL,2021-11-01,6.5426
BRL,2021-10-31,6.5698
BRL,2021-10-30,6.5698
BRL,2021-10-29,6.5698
BRL,2021-10-28,6.4798
BRL,2021-10-27,6.451
BRL,2021-10-26,6.462
BRL,2021-10-25,6.5405
BRL,2021-10-24,6.6304
BRL,2021-10-23,6.6304
BRL,2021-10-22,6.6304
BRL,2021-10-21,6.5892
BRL,2021-10-20,6.483
BRL,2021-10-19,6.4806
BRL,2021-10-18,6.3651
BRL,2021-10-17,6.3635
BRL,2021-10-16,6.3635
BRL,2021-10-15,6.3635
BRL,2021-10-14,6.3528
BRL,2021-10-13,6.3814
BRL,2021-10-12,6.3977
BRL,2021-10-11,6.3719
BRL,2021-10-10,6.3638
BRL,2021-10-09,6.3638
BRL,2021-10-08,6.3638
BRL,2021-10-07,6.338
BRL,2021-10-06,6.3584
BRL,2021-10-05,6.3106
BRL,2021-10-04,6.2579
BRL,2021-10-03,6.2816
BRL,2021-10-02,6.2816
BRL,2021-10-01,6.2816
BRL,2021-09-30,6.2631
BRL,2021-09-29,6.3218
BRL,2021-09-28,6.3122
BRL,2021-09-27,6.2187
BRL,2021-09-26,6.2332
BRL,2021-09-25,6.2332
BRL,2021-09-24,6.2332
BRL,2021-09-23,6.1788
BRL,2021-09-22,6.1636
BRL,2021-09-21,6.2483
BRL,2021-09-20,6.2495
BRL,2021-09-19,6.2039
BRL,2021-09-18,6.2039
BRL,2021-09-17,6.2039
BRL,2021-09-16,6.1611
BRL,2021-09-15,6.1979
BRL,2021-09-14,6.1788
BRL,2021-09-13,6.1563
BRL,2021-09-12,6.1436
BRL,2021-09-11,6.1436
BRL,2021-09-10,6.1436
BRL,2021-09-09,6.267
BRL,2021-09-08,6.1718
BRL,2021-09-07,6.1323
BRL,2021-09-06,6.1638
BRL,2021-09-05,6.1279
BRL,2021-09-04,6.1279
BRL,2021-09-03,6.1279
BRL,2021-09-02,6.1429
BRL,2021-09-01,6.0886
BRL,2021-08-31,6.1386
BRL,2021-08-30,6.1529
BRL,2021-08-29,6.1692
BRL,2021-08-28,6.1692
BRL,2021-08-27,6.1692
BRL,2021-08-26,6.1506
BRL,2021-08-25,6.1707
BRL,2021-08-24,6.2681
BRL,2021-08-23,6.2826
BRL,2021-08-22,6.3622
BRL,2021-08-21,6.3622
BRL,2021-08-20,6.3622
BRL,2021-08-19,6.3662
BRL,2021-08-18,6.1913
BRL,2021-08-17,6.2065
BRL,2021-08-16,6.2143
BRL,2021-08-15,6.1611
BRL,2021-08-14,6.1611
BRL,2021-08-13,6.1611
BRL,2021-08-12,6.1263
BRL,2021-08-11,6.1113
BRL,2021-08-10,6.1471
BRL,2021-08-09,6.1735
BRL,2021-08-08,6.1594
BRL,2021-08-07,6.1594
BRL,2021-08-06,6.1594
BRL,2021-08-05,6.1064
BRL,2021-08-04,6.161
BRL,2021-08-03,6.1791
BRL,2021-08-02,6.1459
BRL,2021-08-01,6.0716
BRL,2021-07-31,6.0716
BRL,2021-07-30,6.0716
BRL,2021-07-29,6.0419
BRL,2021-07-28,6.0931
BRL,2021-07-27,6.1288
BRL,2021-07-26,6.1546
BRL,2021-07-25,6.1009
BRL,2021-07-24,6.1009
BRL,2021-07-23,6.1009
BRL,2021-07-22,6.1029
BRL,2021-07-21,6.1732
BRL,2021-07-20,6.1633
BRL,2021-07-19,6.0813
BRL,2021-07-18,6.0146
BRL,2021-07-17,6.0146
BRL,2021-07-16,6.0146
BRL,2021-07-15,6.0075
BRL,2021-07-14,6.0591
BRL,2021-07-13,6.1316
BRL,2021-07-12,6.2426
BRL,2021-07-11,6.2369
BRL,2021-07-10,6.2369
BRL,2021-07-09,6.2369
BRL,2021-07-08,6.2463
BRL,2021-07-07,6.1224
BRL,2021-07-06,6.0292
BRL,2021-07-05,6.0069
BRL,2021-07-04,5.9421
BRL,2021-07-03,5.9421
BRL,2021-07-02,5.9421
BRL,2021-07-01,5.8955
BRL,2021-06-30,5.905
BRL,2021-06-29,5.8826
BRL,2021-06-28,5.9159
BRL,2021-06-27,5.8635
BRL,2021-06-26,5.8635
BRL,2021-06-25,5.8635
BRL,2021-06-24,5.9041
BRL,2021-06-23,5.9203
BRL,2021-06-22,5.9682
BRL,2021-06-21,6.0192
BRL,2021-06-20,5.9575
BRL,2021-06-19,5.9575
BRL,2021-06-18,5.9575
BRL,2021-06-17,6.0286
BRL,2021-06-16,6.1063
BRL,2021-06-15,6.1394
BRL,2021-06-14,6.1846
BRL,2021-06-13,6.158
BRL,2021-06-12,6.158
BRL,2021-06-11,6.158
BRL,2021-06-10,6.1432
BRL,2021-06-09,6.1345
BRL,2021-06-08,6.13
BRL,2021-06-07,6.1389
BRL,2021-06-06,6.1874
BRL,2021-06-05,6.1874
BRL,2021-06-04,6.1874
BRL,2021-06-03,6.1894
BRL,2021-06-02,6.2891
BRL,2021-06-01,6.3596
BRL,2021-05-31,6.3868
BRL,2021-05-30,6.3844
BRL,2021-05-29,6.3844
BRL,2021-05-28,6.3844
BRL,2021-05-27,6.4683
BRL,2021-05-26,6.5006
BRL,2021-05-25,6.497
BRL,2021-05-24,6.5299
BRL,2021-05-23,6.4628
BRL,2021-05-22,6.4628
BRL,2021-05-21,6.4628
BRL,2021-05-20,6.4567
BRL,2021-05-19,6.452
BRL,2021-05-18,6.4085
BRL,2021-05-17,6.4365
BRL,2021-05-16,6.3942
BRL,2021-05-15,6.3942
BRL,2021-05-14,6.3942
BRL,2021-05-13,6.4027
BRL,2021-05-12,6.349
BRL,2021-05-11,6.3576
BRL,2021-05-10,6.3848
BRL,2021-05-09,6.3801
BRL,2021-05-08,6.3801
BRL,2021-05-07,6.3801
BRL,2021-05-06,6.4707
BRL,2021-05-05,6.5174
BRL,2021-05-04,6.5785
BRL,2021-05-03,6.5507
BRL,2021-05-02,6.4597
BRL,2021-05-01,6.4597
BRL,2021-04-30,6.4597
BRL,2021-04-29,6.4984
BRL,2021-04-28,6.562
BRL,2021-04-27,6.5723
BRL,2021-04-26,6.5895
BRL,2021-04-25,6.5572
BRL,2021-04-24,6.5572
BRL,2021-04-23,6.5572
BRL,2021-04-22,6.6546
BRL,2021-04-21,6.6869
BRL,2021-04-20,6.7117
BRL,2021-04-19,6.7056
BRL,2021-04-18,6.74
BRL,2021-04-17,6.74
BRL,2021-04-16,6.74
BRL,2021-04-15,6.7631
BRL,2021-04-14,6.8189
BRL,2021-04-13,6.8216
BRL,2021-04-12,6.746
BRL,2021-04-11,6.6641
BRL,2021-04-10,6.6641
BRL,2021-04-09,6.6641
BRL,2021-04-08,6.6545
BRL,2021-04-07,6.644
BRL,2021-04-06,6.6644
BRL,2021-04-05,6.6149
BRL,2021-04-04,6.6149
BRL,2021-04-03,6.6149
BRL,2021-04-02,6.6149
BRL,2021-04-01,6.6149
BRL,2021-03-31,6.7409
BRL,2021-03-30,6.7685
BRL,2021-03-29,6.7964
BRL,2021-03-28,6.711
BRL,2021-03-27,6.711
BRL,2021-03-26,6.711
BRL,2021-03-25,6.696
BRL,2021-03-24,6.5258
BRL,2021-03-23,6.5562
BRL,2021-03-22,6.5917
BRL,2021-03-21,6.571
BRL,2021-03-20,6.571
BRL,2021-03-19,6.571
BRL,2021-03-18,6.6225
BRL,2021-03-17,6.7299
BRL,2021-03-16,6.6722
BRL,2021-03-15,6.6896
BRL,2021-03-14,6.6421
BRL,2021-03-13,6.6421
BRL,2021-03-12,6.6421
BRL,2021-03-11,6.7039
BRL,2021-03-10,6.8807
BRL,2021-03-09,6.9553
BRL,2021-03-08,6.8228
BRL,2021-03-07,6.7979
BRL,2021-03-06,6.7979
BRL,2021-03-05,6.7979
BRL,2021-03-04,6.7469
BRL,2021-03-03,6.8827
BRL,2021-03-02,6.8387
BRL,2021-03-01,6.7244
BRL,2021-02-28,6.6644
BRL,2021-02-27,6.6644
BRL,2021-02-26,6.6644
BRL,2021-02-25,6.6663
BRL,2021-02-24,6.5642
BRL,2021-02-23,6.6062
BRL,2021-02-22,6.6843
BRL,2021-02-21,6.5633
BRL,2021-02-20,6.5633
BRL,2021-02-19,6.5633
BRL,2021-02-18,6.5252
BRL,2021-02-17,6.4771
BRL,2021-02-16,6.5209
BRL,2021-02-15,6.5134
BRL,2021-02-14,6.5302
BRL,2021-02-13,6.5302
BRL,2021-02-12,6.5302
BRL,2021-02-11,6.4936
BRL,2021-02-10,6.5641
BRL,2021-02-09,6.553
BRL,2021-02-08,6.4955
BRL,2021-02-07,6.5248
BRL,2021-02-06,6.5248
BRL,2021-02-05,6.5248
BRL,2021-02-04,6.4285
BRL,2021-02-03,6.4256
BRL,2021-02-02,6.4904
BRL,2021-02-01,6.5765
BRL,2021-01-31,6.6568
BRL,2021-01-30,6.6568
BRL,2021-01-29,6.6568
BRL,2021-01-28,6.5857
BRL,2021-01-27,6.4967
BRL,2021-01-26,6.5816
BRL,2021-01-25,6.6434
BRL,2021-01-24,6.5765
BRL,2021-01-23,6.5765
BRL,2021-01-22,6.5765
BRL,2021-01-21,6.4073
BRL,2021-01-20,6.439
BRL,2021-01-19,6.3848
BRL,2021-01-18,6.391
BRL,2021-01-17,6.3697
BRL,2021-01-16,6.3697
BRL,2021-01-15,6.3697
BRL,2021-01-14,6.3888
BRL,2021-01-13,6.4869
BRL,2021-01-12,6.6592
BRL,2021-01-11,6.6562
BRL,2021-01-10,6.5748
BRL,2021-01-09,6.5748
BRL,2021-01-08,6.5748
BRL,2021-01-07,6.5172
BRL,2021-01-06,6.5119
BRL,2021-01-05,6.5517
BRL,2021-01-04,6.3241
BRL,2021-01-03,6.3735
BRL,2021-01-02,6.3735
BRL,2021-01-01,6.3735
CNY,2022-01-01,7.1947
CNY,2021-12-31,7.1947
CNY,2021-12-30,7.223
CNY,2021-12-29,7.1994
CNY,2021-12-28,7.2159
CNY,2021-12-27,7.2087
CNY,2021-12-26,7.2064
CNY,2021-12-25,7.2064
CNY,2021-12-24,7.2064
CNY,2021-12-23,7.2056
CNY,2021-12-22,7.1999
CNY,2021-12-21,7.1965
CNY,2021-12-20,7.1882
CNY,2021-12-19,7.2234
CNY,2021-12-18,7.2234
CNY,2021-12-17,7.2234
CNY,2021-12-16,7.2183
CNY,2021-12-15,7.1691
CNY,2021-12-14,7.1956
CNY,2021-12-13,7.1777
CNY,2021-12-12,7.1814
CNY,2021-12-11,7.1814
CNY,2021-12-10,7.1814
CNY,2021-12-09,7.2114
CNY,2021-12-08,7.1726
CNY,2021-12-07,7.1671
CNY,2021-12-06,7.1986
CNY,2021-12-05,7.1935
CNY,2021-12-04,7.1935
CNY,2021-12-03,7.1935
CNY,2021-12-02,7.2297
CNY,2021-12-01,7.2065
CNY,2021-11-30,7.2395
CNY,2021-11-29,7.2002
CNY,2021-11-28,7.2149
CNY,2021-11-27,7.2149
CNY,2021-11-26,7.2149
CNY,2021-11-25,7.1676
CNY,2021-11-24,7.16
CNY,2021-11-23,7.1943
CNY,2021-11-22,7.1975
CNY,2021-11-21,7.2027
CNY,2021-11-20,7.2027
CNY,2021-11-19,7.2027
CNY,2021-11-18,7.2419
CNY,2021-11-17,7.217
CNY,2021-11-16,7.2627
CNY,2021-11-15,7.3034
CNY,2021-11-14,7.3047
CNY,2021-11-13,7.3047
CNY,2021-11-12,7.3047
CNY,2021-11-11,7.3292
CNY,2021-11-10,7.3866
CNY,2021-11-09,7.3989
CNY,2021-11-08,7.4048
CNY,2021-11-07,7.3756
CNY,2021-11-06,7.3756
CNY,2021-11-05,7.3756
CNY,2021-11-04,7.3983
CNY,2021-11-03,7.4082
CNY,2021-11-02,7.4239
CNY,2021-11-01,7.4077
CNY,2021-10-31,7.4488
CNY,2021-10-30,7.4488
CNY,2021-10-29,7.4488
CNY,2021-10-28,7.4169
CNY,2021-10-27,7.426
CNY,2021-10-26,7.4124
CNY,2021-10-25,7.4142
CNY,2021-10-24,7.4337
CNY,2021-10-23,7.4337
CNY,2021-10-22,7.4337
CNY,2021-10-21,7.4463
CNY,2021-10-20,7.4302
CNY,2021-10-19,7.4464
CNY,2021-10-18,7.4617
CNY,2021-10-17,7.4663
CNY,2021-10-16,7.4663
CNY,2021-10-15,7.4663
CNY,2021-10-14,7.4683
CNY,2021-10-13,7.4482
CNY,2021-10-12,7.4522
CNY,2021-10-11,7.4644
CNY,2021-10-10,7.4591
CNY,2021-10-09,7.4591
CNY,2021-10-08,7.4591
CNY,2021-10-07,7.4536
CNY,2021-10-06,7.4407
CNY,2021-10-05,7.4805
CNY,2021-10-04,7.5013
CNY,2021-10-03,7.4781
CNY,2021-10-02,7.4781
CNY,2021-10-01,7.4781
CNY,2021-09-30,7.4847
CNY,2021-09-29,7.5347
CNY,2021-09-28,7.5433
CNY,2021-09-27,7.5609
CNY,2021-09-26,7.5803
CNY,2021-09-25,7.5803
CNY,2021-09-24,7.5803
CNY,2021-09-23,7.5643
CNY,2021-09-22,7.585
CNY,2021-09-21,7.5945
CNY,2021-09-20,7.5726
CNY,2021-09-19,7.6044
CNY,2021-09-18,7.6044
CNY,2021-09-17,7.6044
CNY,2021-09-16,7.5849
CNY,2021-09-15,7.6069
CNY,2021-09-14,7.6168
CNY,2021-09-13,7.6059
CNY,2021-09-12,7.6228
CNY,2021-09-11,7.6228
CNY,2021-09-10,7.6228
CNY,2021-09-09,7.6402
CNY,2021-09-08,7.6376
CNY,2021-09-07,7.667
CNY,2021-09-06,7.6611
CNY,2021-09-05,7.6555
CNY,2021-09-04,7.6555
CNY,2021-09-03,7.6555
CNY,2021-09-02,7.6503
CNY,2021-09-01,7.6421
CNY,2021-08-31,7.6465
CNY,2021-08-30,7.6347
CNY,2021-08-29,7.6195
CNY,2021-08-28,7.6195
CNY,2021-08-27,7.6195
CNY,2021-08-26,7.6285
CNY,2021-08-25,7.6031
CNY,2021-08-24,7.6042
CNY,2021-08-23,7.599
CNY,2021-08-22,7.5854
CNY,2021-08-21,7.5854
CNY,2021-08-20,7.5854
CNY,2021-08-19,7.5901
CNY,2021-08-18,7.5976
CNY,2021-08-17,7.6244
CNY,2021-08-16,7.6243
CNY,2021-08-15,7.6237
CNY,2021-08-14,7.6237
CNY,2021-08-13,7.6237
CNY,2021-08-12,7.6036
CNY,2021-08-11,7.5996
CNY,2021-08-10,7.5975
CNY,2021-08-09,7.619
CNY,2021-08-08,7.6379
CNY,2021-08-07,7.6379
CNY,2021-08-06,7.6379
CNY,2021-08-05,7.6555
CNY,2021-08-04,7.6638
CNY,2021-08-03,7.6818
CNY,2021-08-02,7.6807
CNY,2021-08-01,7.6838
CNY,2021-07-31,7.6838
CNY,2021-07-30,7.6838
CNY,2021-07-29,7.6691
CNY,2021-07-28,7.6722
CNY,2021-07-27,7.6799
CNY,2021-07-26,7.6426
CNY,2021-07-25,7.6224
CNY,2021-07-24,7.6224
CNY,2021-07-23,7.6224
CNY,2021-07-22,7.6153
CNY,2021-07-21,7.6201
CNY,2021-07-20,7.6305
CNY,2021-07-19,7.6344
CNY,2021-07-18,7.6373
CNY,2021-07-17,7.6373
CNY,2021-07-16,7.6373
CNY,2021-07-15,7.6304
CNY,2021-07-14,7.6268
CNY,2021-07-13,7.6598
CNY,2021-07-12,7.6751
CNY,2021-07-11,7.6834
CNY,2021-07-10,7.6834
CNY,2021-07-09,7.6834
CNY,2021-07-08,7.6832
CNY,2021-07-07,7.6478
CNY,2021-07-06,7.6545
CNY,2021-07-05,7.6677
CNY,2021-07-04,7.6594
CNY,2021-07-03,7.6594
CNY,2021-07-02,7.6594
CNY,2021-07-01,7.6842
CNY,2021-06-30,7.6742
CNY,2021-06-29,7.6814
CNY,2021-06-28,7.6922
CNY,2021-06-27,7.7139
CNY,2021-06-26,7.7139
CNY,2021-06-25,7.7139
CNY,2021-06-24,7.7193
CNY,2021-06-23,7.7393
CNY,2021-06-22,7.7014
CNY,2021-06-21,7.6916
CNY,2021-06-20,7.6619
CNY,2021-06-19,7.6619
CNY,2021-06-18,7.6619
CNY,2021-06-17,7.6877
CNY,2021-06-16,7.7582
CNY,2021-06-15,7.7502
CNY,2021-06-14,7.7501
CNY,2021-06-13,7.7519
CNY,2021-06-12,7.7519
CNY,2021-06-11,7.7519
CNY,2021-06-10,7.7828
CNY,2021-06-09,7.7879
CNY,2021-06-08,7.7938
CNY,2021-06-07,7.7795
CNY,2021-06-06,7.7667
CNY,2021-06-05,7.7667
CNY,2021-06-04,7.7667
CNY,2021-06-03,7.791
CNY,2021-06-02,7.7812
CNY,2021-06-01,7.8043
CNY,2021-05-31,7.7722
CNY,2021-05-30,7.7422
CNY,2021-05-29,7.7422
CNY,2021-05-28,7.7422
CNY,2021-05-27,7.7808
CNY,2021-05-26,7.8149
CNY,2021-05-25,7.856
CNY,2021-05-24,7.8487
CNY,2021-05-23,7.8393
CNY,2021-05-22,7.8393
CNY,2021-05-21,7.8393
CNY,2021-05-20,7.8563
CNY,2021-05-19,7.8594
CNY,2021-05-18,7.8501
CNY,2021-05-17,7.8226
CNY,2021-05-16,7.8024
CNY,2021-05-15,7.8024
CNY,2021-05-14,7.8024
CNY,2021-05-13,7.7969
CNY,2021-05-12,7.8051
CNY,2021-05-11,7.8177
CNY,2021-05-10,7.8045
CNY,2021-05-09,7.7809
CNY,2021-05-08,7.7809
CNY,2021-05-07,7.7809
CNY,2021-05-06,7.8054
CNY,2021-05-05,7.7636
CNY,2021-05-04,7.8136
CNY,2021-05-03,7.7967
CNY,2021-05-02,7.8134
CNY,2021-05-01,7.8134
CNY,2021-04-30,7.8134
CNY,2021-04-29,7.8463
CNY,2021-04-28,7.8268
CNY,2021-04-27,7.8373
CNY,2021-04-26,7.8379
CNY,2021-04-25,7.832
CNY,2021-04-24,7.832
CNY,2021-04-23,7.832
CNY,2021-04-22,7.8181
CNY,2021-04-21,7.8011
CNY,2021-04-20,7.8303
CNY,2021-04-19,7.8323
CNY,2021-04-18,7.8157
CNY,2021-04-17,7.8157
CNY,2021-04-16,7.8157
CNY,2021-04-15,7.8129
CNY,2021-04-14,7.8146
CNY,2021-04-13,7.7905
CNY,2021-04-12,7.7907
CNY,2021-04-11,7.7934
CNY,2021-04-10,7.7934
CNY,2021-04-09,7.7934
CNY,2021-04-08,7.7749
CNY,2021-04-07,7.7761
CNY,2021-04-06,7.739
CNY,2021-04-05,7.7195
CNY,2021-04-04,7.7195
CNY,2021-04-03,7.7195
CNY,2021-04-02,7.7195
CNY,2021-04-01,7.7195
CNY,2021-03-31,7.6812
CNY,2021-03-30,7.7154
CNY,2021-03-29,7.7334
CNY,2021-03-28,7.7063
CNY,2021-03-27,7.7063
CNY,2021-03-26,7.7063
CNY,2021-03-25,7.722
CNY,2021-03-24,7.7133
CNY,2021-03-23,7.7367
CNY,2021-03-22,7.7582
CNY,2021-03-21,7.7413
CNY,2021-03-20,7.7413
CNY,2021-03-19,7.7413
CNY,2021-03-18,7.7507
CNY,2021-03-17,7.7435
CNY,2021-03-16,7.7519
CNY,2021-03-15,7.7508
CNY,2021-03-14,7.7636
CNY,2021-03-13,7.7636
CNY,2021-03-12,7.7636
CNY,2021-03-11,7.7614
CNY,2021-03-10,7.7433
CNY,2021-03-09,7.7478
CNY,2021-03-08,7.7446
CNY,2021-03-07,7.7489
CNY,2021-03-06,7.7489
CNY,2021-03-05,7.7489
CNY,2021-03-04,7.7846
CNY,2021-03-03,7.7897
CNY,2021-03-02,7.784
CNY,2021-03-01,7.797
CNY,2021-02-28,7.8385
CNY,2021-02-27,7.8385
CNY,2021-02-26,7.8385
CNY,2021-02-25,7.8898
CNY,2021-02-24,7.8362
CNY,2021-02-23,7.8506
CNY,2021-02-22,7.8447
CNY,2021-02-21,7.8318
CNY,2021-02-20,7.8318
CNY,2021-02-19,7.8318
CNY,2021-02-18,7.8172
CNY,2021-02-17,7.7886
CNY,2021-02-16,7.8422
CNY,2021-02-15,7.8332
CNY,2021-02-14,7.8207
CNY,2021-02-13,7.8207
CNY,2021-02-12,7.8207
CNY,2021-02-11,7.8448
CNY,2021-02-10,7.8235
CNY,2021-02-09,7.7894
CNY,2021-02-08,7.7618
CNY,2021-02-07,7.7535
CNY,2021-02-06,7.7535
CNY,2021-02-05,7.7535
CNY,2021-02-04,7.7542
CNY,2021-02-03,7.7623
CNY,2021-02-02,7.7756
CNY,2021-02-01,7.8143
CNY,2021-01-31,7.8047
CNY,2021-01-30,7.8047
CNY,2021-01-29,7.8047
CNY,2021-01-28,7.8226
CNY,2021-01-27,7.8411
CNY,2021-01-26,7.8537
CNY,2021-01-25,7.8712
CNY,2021-01-24,7.8822
CNY,2021-01-23,7.8822
CNY,2021-01-22,7.8822
CNY,2021-01-21,7.8552
CNY,2021-01-20,7.8292
CNY,2021-01-19,7.861
CNY,2021-01-18,7.8359
CNY,2021-01-17,7.8499
CNY,2021-01-16,7.8499
CNY,2021-01-15,7.8499
CNY,2021-01-14,7.8409
CNY,2021-01-13,7.8716
CNY,2021-01-12,7.8576
CNY,2021-01-11,7.8806
CNY,2021-01-10,7.9184
CNY,2021-01-09,7.9184
CNY,2021-01-08,7.9184
CNY,2021-01-07,7.9392
CNY,2021-01-06,7.9653
CNY,2021-01-05,7.9315
CNY,2021-01-04,7.9484
CNY,2021-01-03,8.0225
CNY,2021-01-02,8.0225
CNY,2021-01-01,8.0225
GBP,2022-01-01,0.84028
GBP,2021-12-31,0.84028
GBP,2021-12-30,0.8393
GBP,2021-12-29,0.84115
GBP,2021-12-28,0.84248
GBP,2021-12-27,0.8433
GBP,2021-12-26,0.84389
GBP,2021-12-25,0.84389
GBP,2021-12-24,0.84389
GBP,2021-12-23,0.84228
GBP,2021-12-22,0.849
GBP,2021-12-21,0.8528
GBP,2021-12-20,0.85205
GBP,2021-12-19,0.85208
GBP,2021-12-18,0.85208
GBP,2021-12-17,0.85208
GBP,2021-12-16,0.84835
GBP,2021-12-15,0.8498
GBP,2021-12-14,0.85345
GBP,2021-12-13,0.85158
GBP,2021-12-12,0.85355
GBP,2021-12-11,0.85355
GBP,2021-12-10,0.85355
GBP,2021-12-09,0.8574
GBP,2021-12-08,0.85603
GBP,2021-12-07,0.84933
GBP,2021-12-06,0.85128
GBP,2021-12-05,0.85048
GBP,2021-12-04,0.85048
GBP,2021-12-03,0.85048
GBP,2021-12-02,0.85135
GBP,2021-12-01,0.85
GBP,2021-11-30,0.85173
GBP,2021-11-29,0.84583
GBP,2021-11-28,0.8462
GBP,2021-11-27,0.8462
GBP,2021-11-26,0.8462
GBP,2021-11-25,0.84295
GBP,2021-11-24,0.83935
GBP,2021-11-23,0.84185
GBP,2021-11-22,0.83923
GBP,2021-11-21,0.83928
GBP,2021-11-20,0.83928
GBP,2021-11-19,0.83928
GBP,2021-11-18,0.84173
GBP,2021-11-17,0.8409
GBP,2021-11-16,0.84533
GBP,2021-11-15,0.85165
GBP,2021-11-14,0.85505
GBP,2021-11-13,0.85505
GBP,2021-11-12,0.85505
GBP,2021-11-11,0.85538
GBP,2021-11-10,0.85548
GBP,2021-11-09,0.8538
GBP,2021-11-08,0.85478
GBP,2021-11-07,0.85545
GBP,2021-11-06,0.85545
GBP,2021-11-05,0.85545
GBP,2021-11-04,0.8535
GBP,2021-11-03,0.84823
GBP,2021-11-02,0.84955
GBP,2021-11-01,0.84575
GBP,2021-10-31,0.8449
GBP,2021-10-30,0.8449
GBP,2021-10-29,0.8449
GBP,2021-10-28,0.84373
GBP,2021-10-27,0.8453
GBP,2021-10-26,0.84178
GBP,2021-10-25,0.8438
GBP,2021-10-24,0.8437
GBP,2021-10-23,0.8437
GBP,2021-10-22,0.8437
GBP,2021-10-21,0.8429
GBP,2021-10-20,0.84503
GBP,2021-10-19,0.84275
GBP,2021-10-18,0.84438
GBP,2021-10-17,0.84368
GBP,2021-10-16,0.84368
GBP,2021-10-15,0.84368
GBP,2021-10-14,0.84618
GBP,2021-10-13,0.84898
GBP,2021-10-12,0.84755
GBP,2021-10-11,0.84878
GBP,2021-10-10,0.8489
GBP,2021-10-09,0.8489
GBP,2021-10-08,0.8489
GBP,2021-10-07,0.85023
GBP,2021-10-06,0.8497
GBP,2021-10-05,0.85173
GBP,2021-10-04,0.8553
GBP,2021-10-03,0.85653
GBP,2021-10-02,0.85653
GBP,2021-10-01,0.85653
GBP,2021-09-30,0.86053
GBP,2021-09-29,0.86443
GBP,2021-09-28,0.8595
GBP,2021-09-27,0.8542
GBP,2021-09-26,0.85703
GBP,2021-09-25,0.85703
GBP,2021-09-24,0.85703
GBP,2021-09-23,0.85495
GBP,2021-09-22,0.86
GBP,2021-09-21,0.85855
GBP,2021-09-20,0.85705
GBP,2021-09-19,0.85363
GBP,2021-09-18,0.85363
GBP,2021-09-17,0.85363
GBP,2021-09-16,0.85025
GBP,2021-09-15,0.8551
GBP,2021-09-14,0.8526
GBP,2021-09-13,0.8512
GBP,2021-09-12,0.8526
GBP,2021-09-11,0.8526
GBP,2021-09-10,0.8526
GBP,2021-09-09,0.85555
GBP,2021-09-08,0.85873
GBP,2021-09-07,0.86115
GBP,2021-09-06,0.8571
GBP,2021-09-05,0.8584
GBP,2021-09-04,0.8584
GBP,2021-09-03,0.8584
GBP,2021-09-02,0.85915
GBP,2021-09-01,0.85863
GBP,2021-08-31,0.85875
GBP,2021-08-30,0.85748
GBP,2021-08-29,0.85703
GBP,2021-08-28,0.85703
GBP,2021-08-27,0.85703
GBP,2021-08-26,0.85718
GBP,2021-08-25,0.8559
GBP,2021-08-24,0.85578
GBP,2021-08-23,0.85635
GBP,2021-08-22,0.8575
GBP,2021-08-21,0.8575
GBP,2021-08-20,0.8575
GBP,2021-08-19,0.85523
GBP,2021-08-18,0.85183
GBP,2021-08-17,0.85323
GBP,2021-08-16,0.84873
GBP,2021-08-15,0.85093
GBP,2021-08-14,0.85093
GBP,2021-08-13,0.85093
GBP,2021-08-12,0.84743
GBP,2021-08-11,0.84698
GBP,2021-08-10,0.84568
GBP,2021-08-09,0.84745
GBP,2021-08-08,0.8484
GBP,2021-08-07,0.8484
GBP,2021-08-06,0.8484
GBP,2021-08-05,0.8506
GBP,2021-08-04,0.85153
GBP,2021-08-03,0.85355
GBP,2021-08-02,0.85568
GBP,2021-08-01,0.8514
GBP,2021-07-31,0.8514
GBP,2021-07-30,0.8514
GBP,2021-07-29,0.8508
GBP,2021-07-28,0.85095
GBP,2021-07-27,0.85503
GBP,2021-07-26,0.85468
GBP,2021-07-25,0.85543
GBP,2021-07-24,0.85543
GBP,2021-07-23,0.85543
GBP,2021-07-22,0.85563
GBP,2021-07-21,0.86363
GBP,2021-07-20,0.86545
GBP,2021-07-19,0.85913
GBP,2021-07-18,0.85298
GBP,2021-07-17,0.85298
GBP,2021-07-16,0.85298
GBP,2021-07-15,0.85188
GBP,2021-07-14,0.85158
GBP,2021-07-13,0.85518
GBP,2021-07-12,0.8557
GBP,2021-07-11,0.85758
GBP,2021-07-10,0.85758
GBP,2021-07-09,0.85758
GBP,2021-07-08,0.86133
GBP,2021-07-07,0.855
GBP,2021-07-06,0.8545
GBP,2021-07-05,0.85665
GBP,2021-07-04,0.86003
GBP,2021-07-03,0.86003
GBP,2021-07-02,0.86003
GBP,2021-07-01,0.86033
GBP,2021-06-30,0.85805
GBP,2021-06-29,0.85948
GBP,2021-06-28,0.8571
GBP,2021-06-27,0.8595
GBP,2021-06-26,0.8595
GBP,2021-06-25,0.8595
GBP,2021-06-24,0.85883
GBP,2021-06-23,0.85435
GBP,2021-06-22,0.8556
GBP,2021-06-21,0.8567
GBP,2021-06-20,0.85785
GBP,2021-06-19,0.85785
GBP,2021-06-18,0.85785
GBP,2021-06-17,0.85525
GBP,2021-06-16,0.8583
GBP,2021-06-15,0.8615
GBP,2021-06-14,0.85898
GBP,2021-06-13,0.8571
GBP,2021-06-12,0.8571
GBP,2021-06-11,0.8571
GBP,2021-06-10,0.86293
GBP,2021-06-09,0.86053
GBP,2021-06-08,0.861
GBP,2021-06-07,0.85825
GBP,2021-06-06,0.8569
GBP,2021-06-05,0.8569
GBP,2021-06-04,0.8569
GBP,2021-06-03,0.85955
GBP,2021-06-02,0.86125
GBP,2021-06-01,0.86285
GBP,2021-05-31,0.86013
GBP,2021-05-30,0.85765
GBP,2021-05-29,0.85765
GBP,2021-05-28,0.85765
GBP,2021-05-27,0.86068
GBP,2021-05-26,0.8633
GBP,2021-05-25,0.86573
GBP,2021-05-24,0.86408
GBP,2021-05-23,0.8587
GBP,2021-05-22,0.8587
GBP,2021-05-21,0.8587
GBP,2021-05-20,0.864
GBP,2021-05-19,0.86233
GBP,2021-05-18,0.85998
GBP,2021-05-17,0.86215
GBP,2021-05-16,0.86083
GBP,2021-05-15,0.86083
GBP,2021-05-14,0.86083
GBP,2021-05-13,0.86063
GBP,2021-05-12,0.85798
GBP,2021-05-11,0.86013
GBP,2021-05-10,0.86195
GBP,2021-05-09,0.8681
GBP,2021-05-08,0.8681
GBP,2021-05-07,0.8681
GBP,2021-05-06,0.86708
GBP,2021-05-05,0.86274
GBP,2021-05-04,0.8677
GBP,2021-05-03,0.86838
GBP,2021-05-02,0.86863
GBP,2021-05-01,0.86863
GBP,2021-04-30,0.86863
GBP,2021-04-29,0.8691
GBP,2021-04-28,0.86988
GBP,2021-04-27,0.86895
GBP,2021-04-26,0.86975
GBP,2021-04-25,0.86905
GBP,2021-04-24,0.86905
GBP,2021-04-23,0.86905
GBP,2021-04-22,0.86855
GBP,2021-04-21,0.8625
GBP,2021-04-20,0.86295
GBP,2021-04-19,0.86355
GBP,2021-04-18,0.86793
GBP,2021-04-17,0.86793
GBP,2021-04-16,0.86793
GBP,2021-04-15,0.86753
GBP,2021-04-14,0.86918
GBP,2021-04-13,0.86698
GBP,2021-04-12,0.86518
GBP,2021-04-11,0.86658
GBP,2021-04-10,0.86658
GBP,2021-04-09,0.86658
GBP,2021-04-08,0.8629
GBP,2021-04-07,0.86065
GBP,2021-04-06,0.85358
GBP,2021-04-05,0.85195
GBP,2021-04-04,0.85195
GBP,2021-04-03,0.85195
GBP,2021-04-02,0.85195
GBP,2021-04-01,0.85195
GBP,2021-03-31,0.85209
GBP,2021-03-30,0.85378
GBP,2021-03-29,0.8512
GBP,2021-03-28,0.85503
GBP,2021-03-27,0.85503
GBP,2021-03-26,0.85503
GBP,2021-03-25,0.86068
GBP,2021-03-24,0.8625
GBP,2021-03-23,0.86198
GBP,2021-03-22,0.86233
GBP,2021-03-21,0.85763
GBP,2021-03-20,0.85763
GBP,2021-03-19,0.85763
GBP,2021-03-18,0.85575
GBP,2021-03-17,0.85668
GBP,2021-03-16,0.85945
GBP,2021-03-15,0.8567
GBP,2021-03-14,0.85835
GBP,2021-03-13,0.85835
GBP,2021-03-12,0.85835
GBP,2021-03-11,0.8567
GBP,2021-03-10,0.85655
GBP,2021-03-09,0.85704
GBP,2021-03-08,0.85728
GBP,2021-03-07,0.863
GBP,2021-03-06,0.863
GBP,2021-03-05,0.863
GBP,2021-03-04,0.8627
GBP,2021-03-03,0.86351
GBP,2021-03-02,0.86433
GBP,2021-03-01,0.86558
GBP,2021-02-28,0.87053
GBP,2021-02-27,0.87053
GBP,2021-02-26,0.87053
GBP,2021-02-25,0.86408
GBP,2021-02-24,0.8603
GBP,2021-02-23,0.86308
GBP,2021-02-22,0.8653
GBP,2021-02-21,0.86508
GBP,2021-02-20,0.86508
GBP,2021-02-19,0.86508
GBP,2021-02-18,0.8654
GBP,2021-02-17,0.8696
GBP,2021-02-16,0.87333
GBP,2021-02-15,0.87225
GBP,2021-02-14,0.87753
GBP,2021-02-13,0.87753
GBP,2021-02-12,0.87753
GBP,2021-02-11,0.87755
GBP,2021-02-10,0.8765
GBP,2021-02-09,0.87828
GBP,2021-02-08,0.87833
GBP,2021-02-07,0.87538
GBP,2021-02-06,0.87538
GBP,2021-02-05,0.87538
GBP,2021-02-04,0.87693
GBP,2021-02-03,0.88145
GBP,2021-02-02,0.88075
GBP,2021-02-01,0.882
GBP,2021-01-31,0.88383
GBP,2021-01-30,0.88383
GBP,2021-01-29,0.88383
GBP,2021-01-28,0.88603
GBP,2021-01-27,0.88395
GBP,2021-01-26,0.88698
GBP,2021-01-25,0.888
GBP,2021-01-24,0.89045
GBP,2021-01-23,0.89045
GBP,2021-01-22,0.89045
GBP,2021-01-21,0.88625
GBP,2021-01-20,0.88563
GBP,2021-01-19,0.891
GBP,2021-01-18,0.89073
GBP,2021-01-17,0.88998
GBP,2021-01-16,0.88998
GBP,2021-01-15,0.88998
GBP,2021-01-14,0.88943
GBP,2021-01-13,0.88983
GBP,2021-01-12,0.8944
GBP,2021-01-11,0.90235
GBP,2021-01-10,0.90128
GBP,2021-01-09,0.90128
GBP,2021-01-08,0.90128
GBP,2021-01-07,0.9019
GBP,2021-01-06,0.90635
GBP,2021-01-05,0.90333
GBP,2021-01-04,0.9016
GBP,2021-01-03,0.89903
GBP,2021-01-02,0.89903
GBP,2021-01-01,0.89903
HKD,2022-01-01,8.8333
HKD,2021-12-31,8.8333
HKD,2021-12-30,8.8399
HKD,2021-12-29,8.8127
HKD,2021-12-28,8.838
HKD,2021-12-27,8.8246
HKD,2021-12-26,8.8255
HKD,2021-12-25,8.8255
HKD,2021-12-24,8.8255
HKD,2021-12-23,8.8215
HKD,2021-12-22,8.8155
HKD,2021-12-21,8.8111
HKD,2021-12-20,8.7943
HKD,2021-12-19,8.8388
HKD,2021-12-18,8.8388
HKD,2021-12-17,8.8388
HKD,2021-12-16,8.8432
HKD,2021-12-15,8.7861
HKD,2021-12-14,8.8227
HKD,2021-12-13,8.7967
HKD,2021-12-12,8.7918
HKD,2021-12-11,8.7918
HKD,2021-12-10,8.7918
HKD,2021-12-09,8.8186
HKD,2021-12-08,8.8088
HKD,2021-12-07,8.7753
HKD,2021-12-06,8.8053
HKD,2021-12-05,8.8006
HKD,2021-12-04,8.8006
HKD,2021-12-03,8.8006
HKD,2021-12-02,8.8375
HKD,2021-12-01,8.8154
HKD,2021-11-30,8.8601
HKD,2021-11-29,8.795
HKD,2021-11-28,8.8045
HKD,2021-11-27,8.8045
HKD,2021-11-26,8.8045
HKD,2021-11-25,8.7514
HKD,2021-11-24,8.7372
HKD,2021-11-23,8.7744
HKD,2021-11-22,8.7875
HKD,2021-11-21,8.7832
HKD,2021-11-20,8.7832
HKD,2021-11-19,8.7832
HKD,2021-11-18,8.8366
HKD,2021-11-17,8.814
HKD,2021-11-16,8.8544
HKD,2021-11-15,8.9156
HKD,2021-11-14,8.9206
HKD,2021-11-13,8.9206
HKD,2021-11-12,8.9206
HKD,2021-11-11,8.9299
HKD,2021-11-10,9.0035
HKD,2021-11-09,9.0186
HKD,2021-11-08,9.0175
HKD,2021-11-07,8.967
HKD,2021-11-06,8.967
HKD,2021-11-05,8.967
HKD,2021-11-04,9.0059
HKD,2021-11-03,9.0114
HKD,2021-11-02,9.0297
HKD,2021-11-01,9.0108
HKD,2021-10-31,9.0563
HKD,2021-10-30,9.0563
HKD,2021-10-29,9.0563
HKD,2021-10-28,9.0167
HKD,2021-10-27,9.0363
HKD,2021-10-26,9.0335
HKD,2021-10-25,9.0191
HKD,2021-10-24,9.0412
HKD,2021-10-23,9.0412
HKD,2021-10-22,9.0412
HKD,2021-10-21,9.0487
HKD,2021-10-20,9.0375
HKD,2021-10-19,9.0635
HKD,2021-10-18,9.0268
HKD,2021-10-17,9.0258
HKD,2021-10-16,9.0258
HKD,2021-10-15,9.0258
HKD,2021-10-14,9.0244
HKD,2021-10-13,8.9952
HKD,2021-10-12,8.9915
HKD,2021-10-11,9.0049
HKD,2021-10-10,9.0066
HKD,2021-10-09,9.0066
HKD,2021-10-08,9.0066
HKD,2021-10-07,9.0008
HKD,2021-10-06,8.9876
HKD,2021-10-05,9.0324
HKD,2021-10-04,9.0597
HKD,2021-10-03,9.0304
HKD,2021-10-02,9.0304
HKD,2021-10-01,9.0304
HKD,2021-09-30,9.0184
HKD,2021-09-29,9.0714
HKD,2021-09-28,9.0882
HKD,2021-09-27,9.1054
HKD,2021-09-26,9.124
HKD,2021-09-25,9.124
HKD,2021-09-24,9.124
HKD,2021-09-23,9.1205
HKD,2021-09-22,9.1333
HKD,2021-09-21,9.1389
HKD,2021-09-20,9.1188
HKD,2021-09-19,9.1691
HKD,2021-09-18,9.1691
HKD,2021-09-17,9.1691
HKD,2021-09-16,9.1575
HKD,2021-09-15,9.2021
HKD,2021-09-14,9.1899
HKD,2021-09-13,9.1641
HKD,2021-09-12,9.2086
HKD,2021-09-11,9.2086
HKD,2021-09-10,9.2086
HKD,2021-09-09,9.2072
HKD,2021-09-08,9.1971
HKD,2021-09-07,9.2197
HKD,2021-09-06,9.2226
HKD,2021-09-05,9.2285
HKD,2021-09-04,9.2285
HKD,2021-09-03,9.2285
HKD,2021-09-02,9.2075
HKD,2021-09-01,9.1907
HKD,2021-08-31,9.2086
HKD,2021-08-30,9.1891
HKD,2021-08-29,9.1619
HKD,2021-08-28,9.1619
HKD,2021-08-27,9.1619
HKD,2021-08-26,9.1625
HKD,2021-08-25,9.1357
HKD,2021-08-24,9.1448
HKD,2021-08-23,9.1313
HKD,2021-08-22,9.0924
HKD,2021-08-21,9.0924
HKD,2021-08-20,9.0924
HKD,2021-08-19,9.1121
HKD,2021-08-18,9.1299
HKD,2021-08-17,9.1704
HKD,2021-08-16,9.1641
HKD,2021-08-15,9.1573
HKD,2021-08-14,9.1573
HKD,2021-08-13,9.1573
HKD,2021-08-12,9.1336
HKD,2021-08-11,9.1187
HKD,2021-08-10,9.1228
HKD,2021-08-09,9.1521
HKD,2021-08-08,9.1827
HKD,2021-08-07,9.1827
HKD,2021-08-06,9.1827
HKD,2021-08-05,9.216
HKD,2021-08-04,9.2236
HKD,2021-08-03,9.2428
HKD,2021-08-02,9.2398
HKD,2021-08-01,9.2451
HKD,2021-07-31,9.2451
HKD,2021-07-30,9.2451
HKD,2021-07-29,9.2272
HKD,2021-07-28,9.188
HKD,2021-07-27,9.1915
HKD,2021-07-26,9.1656
HKD,2021-07-25,9.142
HKD,2021-07-24,9.142
HKD,2021-07-23,9.142
HKD,2021-07-22,9.1506
HKD,2021-07-21,9.1518
HKD,2021-07-20,9.1529
HKD,2021-07-19,9.1419
HKD,2021-07-18,9.1684
HKD,2021-07-17,9.1684
HKD,2021-07-16,9.1684
HKD,2021-07-15,9.1726
HKD,2021-07-14,9.1742
HKD,2021-07-13,9.197
HKD,2021-07-12,9.2052
HKD,2021-07-11,9.2117
HKD,2021-07-10,9.2117
HKD,2021-07-09,9.2117
HKD,2021-07-08,9.1967
HKD,2021-07-07,9.19
HKD,2021-07-06,9.1942
HKD,2021-07-05,9.2182
HKD,2021-07-04,9.1838
HKD,2021-07-03,9.1838
HKD,2021-07-02,9.1838
HKD,2021-07-01,9.2273
HKD,2021-06-30,9.2293
HKD,2021-06-29,9.2297
HKD,2021-06-28,9.2459
HKD,2021-06-27,9.2751
HKD,2021-06-26,9.2751
HKD,2021-06-25,9.2751
HKD,2021-06-24,9.2675
HKD,2021-06-23,9.2807
HKD,2021-06-22,9.2365
HKD,2021-06-21,9.2326
HKD,2021-06-20,9.2379
HKD,2021-06-19,9.2379
HKD,2021-06-18,9.2379
HKD,2021-06-17,9.2694
HKD,2021-06-16,9.4107
HKD,2021-06-15,9.3991
HKD,2021-06-14,9.4008
HKD,2021-06-13,9.4089
HKD,2021-06-12,9.4089
HKD,2021-06-11,9.4089
HKD,2021-06-10,9.4467
HKD,2021-06-09,9.4615
HKD,2021-06-08,9.4526
HKD,2021-06-07,9.4355
HKD,2021-06-06,9.4
HKD,2021-06-05,9.4
HKD,2021-06-04,9.4
HKD,2021-06-03,9.4551
HKD,2021-06-02,9.4555
HKD,2021-06-01,9.4853
HKD,2021-05-31,9.469
HKD,2021-05-30,9.4246
HKD,2021-05-29,9.4246
HKD,2021-05-28,9.4246
HKD,2021-05-27,9.468
HKD,2021-05-26,9.4922
HKD,2021-05-25,9.5197
HKD,2021-05-24,9.4833
HKD,2021-05-23,9.4639
HKD,2021-05-22,9.4639
HKD,2021-05-21,9.4639
HKD,2021-05-20,9.4726
HKD,2021-05-19,9.4819
HKD,2021-05-18,9.4912
HKD,2021-05-17,9.4318
HKD,2021-05-16,9.4151
HKD,2021-05-15,9.4151
HKD,2021-05-14,9.4151
HKD,2021-05-13,9.3841
HKD,2021-05-12,9.4115
HKD,2021-05-11,9.4527
HKD,2021-05-10,9.4504
HKD,2021-05-09,9.3661
HKD,2021-05-08,9.3661
HKD,2021-05-07,9.3661
HKD,2021-05-06,9.3685
HKD,2021-05-05,9.3267
HKD,2021-05-04,9.3374
HKD,2021-05-03,9.3554
HKD,2021-05-02,9.3816
HKD,2021-05-01,9.3816
HKD,2021-04-30,9.3816
HKD,2021-04-29,9.4156
HKD,2021-04-28,9.3696
HKD,2021-04-27,9.3825
HKD,2021-04-26,9.3777
HKD,2021-04-25,9.3653
HKD,2021-04-24,9.3653
HKD,2021-04-23,9.3653
HKD,2021-04-22,9.3474
HKD,2021-04-21,9.3209
HKD,2021-04-20,9.355
HKD,2021-04-19,9.3475
HKD,2021-04-18,9.3152
HKD,2021-04-17,9.3152
HKD,2021-04-16,9.3152
HKD,2021-04-15,9.2984
HKD,2021-04-14,9.2915
HKD,2021-04-13,9.2477
HKD,2021-04-12,9.2564
HKD,2021-04-11,9.247
HKD,2021-04-10,9.247
HKD,2021-04-09,9.247
HKD,2021-04-08,9.2356
HKD,2021-04-07,9.2527
HKD,2021-04-06,9.186
HKD,2021-04-05,9.1346
HKD,2021-04-04,9.1346
HKD,2021-04-03,9.1346
HKD,2021-04-02,9.1346
HKD,2021-04-01,9.1346
HKD,2021-03-31,9.1153
HKD,2021-03-30,9.1283
HKD,2021-03-29,9.1618
HKD,2021-03-28,9.154
HKD,2021-03-27,9.154
HKD,2021-03-26,9.154
HKD,2021-03-25,9.17
HKD,2021-03-24,9.1863
HKD,2021-03-23,9.229
HKD,2021-03-22,9.2614
HKD,2021-03-21,9.2352
HKD,2021-03-20,9.2352
HKD,2021-03-19,9.2352
HKD,2021-03-18,9.2493
HKD,2021-03-17,9.2476
HKD,2021-03-16,9.2626
HKD,2021-03-15,9.2553
HKD,2021-03-14,9.2642
HKD,2021-03-13,9.2642
HKD,2021-03-12,9.2642
HKD,2021-03-11,9.287
HKD,2021-03-10,9.2307
HKD,2021-03-09,9.2325
HKD,2021-03-08,9.2183
HKD,2021-03-07,9.2695
HKD,2021-03-06,9.2695
HKD,2021-03-05,9.2695
HKD,2021-03-04,9.3363
HKD,2021-03-03,9.3452
HKD,2021-03-02,9.3297
HKD,2021-03-01,9.3498
HKD,2021-02-28,9.401
HKD,2021-02-27,9.401
HKD,2021-02-26,9.401
HKD,2021-02-25,9.4793
HKD,2021-02-24,9.4189
HKD,2021-02-23,9.4153
HKD,2021-02-22,9.407
HKD,2021-02-21,9.4121
HKD,2021-02-20,9.4121
HKD,2021-02-19,9.4121
HKD,2021-02-18,9.3684
HKD,2021-02-17,9.3493
HKD,2021-02-16,9.4139
HKD,2021-02-15,9.4033
HKD,2021-02-14,9.3868
HKD,2021-02-13,9.3868
HKD,2021-02-12,9.3868
HKD,2021-02-11,9.4171
HKD,2021-02-10,9.4014
HKD,2021-02-09,9.3827
HKD,2021-02-08,9.3219
HKD,2021-02-07,9.29
HKD,2021-02-06,9.29
HKD,2021-02-05,9.29
HKD,2021-02-04,9.3003
HKD,2021-02-03,9.315
HKD,2021-02-02,9.3361
HKD,2021-02-01,9.3687
HKD,2021-01-31,9.4093
HKD,2021-01-30,9.4093
HKD,2021-01-29,9.4093
HKD,2021-01-28,9.3742
HKD,2021-01-27,9.3911
HKD,2021-01-26,9.4132
HKD,2021-01-25,9.4199
HKD,2021-01-24,9.4255
HKD,2021-01-23,9.4255
HKD,2021-01-22,9.4255
HKD,2021-01-21,9.4245
HKD,2021-01-20,9.3804
HKD,2021-01-19,9.4052
HKD,2021-01-18,9.3538
HKD,2021-01-17,9.4005
HKD,2021-01-16,9.4005
HKD,2021-01-15,9.4005
HKD,2021-01-14,9.4005
HKD,2021-01-13,9.4336
HKD,2021-01-12,9.4314
HKD,2021-01-11,9.433
HKD,2021-01-10,9.4982
HKD,2021-01-09,9.4982
HKD,2021-01-08,9.4982
HKD,2021-01-07,9.5176
HKD,2021-01-06,9.5659
HKD,2021-01-05,9.5136
HKD,2021-01-04,9.533
HKD,2021-01-03,9.5142
HKD,2021-01-02,9.5142
HKD,2021-01-01,9.5142
INR,2022-01-01,84.2292
INR,2021-12-31,84.2292
INR,2021-12-30,84.2575
INR,2021-12-29,84.388
INR,2021-12-28,84.6335
INR,2021-12-27,84.8105
INR,2021-12-26,84.885
INR,2021-12-25,84.885
INR,2021-12-24,84.885
INR,2021-12-23,85.0775
INR,2021-12-22,85.407
INR,2021-12-21,85.3648
INR,2021-12-20,85.5025
INR,2021-12-19,86.064
INR,2021-12-18,86.064
INR,2021-12-17,86.064
INR,2021-12-16,86.4005
INR,2021-12-15,86.0345
INR,2021-12-14,85.879
INR,2021-12-13,85.4225
INR,2021-12-12,85.3105
INR,2021-12-11,85.3105
INR,2021-12-10,85.3105
INR,2021-12-09,85.5075
INR,2021-12-08,85.2345
INR,2021-12-07,84.878
INR,2021-12-06,85.119
INR,2021-12-05,84.8455
INR,2021-12-04,84.8455
INR,2021-12-03,84.8455
INR,2021-12-02,85.052
INR,2021-12-01,84.7485
INR,2021-11-30,85.3274
INR,2021-11-29,84.6635
INR,2021-11-28,84.5395
INR,2021-11-27,84.5395
INR,2021-11-26,84.5395
INR,2021-11-25,83.6074
INR,2021-11-24,83.439
INR,2021-11-23,83.8395
INR,2021-11-22,83.852
INR,2021-11-21,83.6905
INR,2021-11-20,83.6905
INR,2021-11-19,83.6905
INR,2021-11-18,84.218
INR,2021-11-17,84.03
INR,2021-11-16,84.5404
INR,2021-11-15,85.143
INR,2021-11-14,85.193
INR,2021-11-13,85.193
INR,2021-11-12,85.193
INR,2021-11-11,85.309
INR,2021-11-10,85.8824
INR,2021-11-09,85.791
INR,2021-11-08,85.8135
INR,2021-11-07,85.5415
INR,2021-11-06,85.5415
INR,2021-11-05,85.5415
INR,2021-11-04,86.0955
INR,2021-11-03,86.2355
INR,2021-11-02,86.604
INR,2021-11-01,86.7275
INR,2021-10-31,87.183
INR,2021-10-30,87.183
INR,2021-10-29,87.183
INR,2021-10-28,86.8032
INR,2021-10-27,87.201
INR,2021-10-26,87.082
INR,2021-10-25,87.216
INR,2021-10-24,87.074
INR,2021-10-23,87.074
INR,2021-10-22,87.074
INR,2021-10-21,87.1445
INR,2021-10-20,87.0086
INR,2021-10-19,87.5
INR,2021-10-18,87.4083
INR,2021-10-17,86.967
INR,2021-10-16,86.967
INR,2021-10-15,86.967
INR,2021-10-14,87.3355
INR,2021-10-13,87.1095
INR,2021-10-12,87.272
INR,2021-10-11,87.334
INR,2021-10-10,86.7495
INR,2021-10-09,86.7495
INR,2021-10-08,86.7495
INR,2021-10-07,86.408
INR,2021-10-06,86.438
INR,2021-10-05,86.488
INR,2021-10-04,86.4025
INR,2021-10-03,85.975
INR,2021-10-02,85.975
INR,2021-10-01,85.975
INR,2021-09-30,86.0766
INR,2021-09-29,86.467
INR,2021-09-28,86.5595
INR,2021-09-27,86.4025
INR,2021-09-26,86.471
INR,2021-09-25,86.471
INR,2021-09-24,86.471
INR,2021-09-23,86.367
INR,2021-09-22,86.622
INR,2021-09-21,86.4895
INR,2021-09-20,86.272
INR,2021-09-19,86.5335
INR,2021-09-18,86.5335
INR,2021-09-17,86.5335
INR,2021-09-16,86.473
INR,2021-09-15,86.8625
INR,2021-09-14,87.037
INR,2021-09-13,86.844
INR,2021-09-12,86.9469
INR,2021-09-11,86.9469
INR,2021-09-10,86.9469
INR,2021-09-09,87.0705
INR,2021-09-08,87.0105
INR,2021-09-07,87.1355
INR,2021-09-06,86.7135
INR,2021-09-05,86.7045
INR,2021-09-04,86.7045
INR,2021-09-03,86.7045
INR,2021-09-02,86.5205
INR,2021-09-01,86.348
INR,2021-08-31,86.385
INR,2021-08-30,86.5035
INR,2021-08-29,86.701
INR,2021-08-28,86.701
INR,2021-08-27,86.701
INR,2021-08-26,87.234
INR,2021-08-25,87.152
INR,2021-08-24,87.0625
INR,2021-08-23,86.915
INR,2021-08-22,86.8025
INR,2021-08-21,86.8025
INR,2021-08-20,86.8025
INR,2021-08-19,86.9975
INR,2021-08-18,87.047
INR,2021-08-17,87.439
INR,2021-08-16,87.3695
INR,2021-08-15,87.374
INR,2021-08-14,87.374
INR,2021-08-13,87.374
INR,2021-08-12,87.1095
INR,2021-08-11,87.1605
INR,2021-08-10,87.193
INR,2021-08-09,87.3195
INR,2021-08-08,87.4993
INR,2021-08-07,87.4993
INR,2021-08-06,87.4993
INR,2021-08-05,87.8256
INR,2021-08-04,87.9575
INR,2021-08-03,88.2175
INR,2021-08-02,88.396
INR,2021-08-01,88.3941
INR,2021-07-31,88.3941
INR,2021-07-30,88.3941
INR,2021-07-29,88.1675
INR,2021-07-28,87.833
INR,2021-07-27,87.913
INR,2021-07-26,87.7305
INR,2021-07-25,87.5905
INR,2021-07-24,87.5905
INR,2021-07-23,87.5905
INR,2021-07-22,87.6615
INR,2021-07-21,87.7895
INR,2021-07-20,87.921
INR,2021-07-19,88.226
INR,2021-07-18,88.031
INR,2021-07-17,88.031
INR,2021-07-16,88.031
INR,2021-07-15,88.051
INR,2021-07-14,87.9885
INR,2021-07-13,88.2879
INR,2021-07-12,88.411
INR,2021-07-11,88.371
INR,2021-07-10,88.371
INR,2021-07-09,88.371
INR,2021-07-08,88.6073
INR,2021-07-07,88.2825
INR,2021-07-06,88.2126
INR,2021-07-05,88.1605
INR,2021-07-04,88.3055
INR,2021-07-03,88.3055
INR,2021-07-02,88.3055
INR,2021-07-01,88.559
INR,2021-06-30,88.324
INR,2021-06-29,88.305
INR,2021-06-28,88.494
INR,2021-06-27,88.6824
INR,2021-06-26,88.6824
INR,2021-06-25,88.6824
INR,2021-06-24,88.502
INR,2021-06-23,88.6476
INR,2021-06-22,88.3735
INR,2021-06-21,88.186
INR,2021-06-20,88.0297
INR,2021-06-19,88.0297
INR,2021-06-18,88.0297
INR,2021-06-17,88.481
INR,2021-06-16,88.8795
INR,2021-06-15,88.8031
INR,2021-06-14,88.7015
INR,2021-06-13,88.6714
INR,2021-06-12,88.6714
INR,2021-06-11,88.6714
INR,2021-06-10,88.9732
INR,2021-06-09,88.96
INR,2021-06-08,88.778
INR,2021-06-07,88.5305
INR,2021-06-06,88.4602
INR,2021-06-05,88.4602
INR,2021-06-04,88.4602
INR,2021-06-03,88.8755
INR,2021-06-02,89.083
INR,2021-06-01,89.1155
INR,2021-05-31,88.5414
INR,2021-05-30,88.086
INR,2021-05-29,88.086
INR,2021-05-28,88.086
INR,2021-05-27,88.563
INR,2021-05-26,88.971
INR,2021-05-25,89.236
INR,2021-05-24,89.0517
INR,2021-05-23,88.802
INR,2021-05-22,88.802
INR,2021-05-21,88.802
INR,2021-05-20,89.163
INR,2021-05-19,89.329
INR,2021-05-18,89.231
INR,2021-05-17,89.0282
INR,2021-05-16,88.807
INR,2021-05-15,88.807
INR,2021-05-14,88.807
INR,2021-05-13,88.8595
INR,2021-05-12,88.963
INR,2021-05-11,89.289
INR,2021-05-10,89.2585
INR,2021-05-09,88.6375
INR,2021-05-08,88.6375
INR,2021-05-07,88.6375
INR,2021-05-06,88.9405
INR,2021-05-05,88.6925
INR,2021-05-04,88.814
INR,2021-05-03,88.996
INR,2021-05-02,89.4795
INR,2021-05-01,89.4795
INR,2021-04-30,89.4795
INR,2021-04-29,89.8545
INR,2021-04-28,89.889
INR,2021-04-27,90.152
INR,2021-04-26,90.378
INR,2021-04-25,90.4715
INR,2021-04-24,90.4715
INR,2021-04-23,90.4715
INR,2021-04-22,90.394
INR,2021-04-21,90.5955
INR,2021-04-20,90.548
INR,2021-04-19,90.0675
INR,2021-04-18,89.2355
INR,2021-04-17,89.2355
INR,2021-04-16,89.2355
INR,2021-04-15,89.801
INR,2021-04-14,89.833
INR,2021-04-13,89.7215
INR,2021-04-12,89.302
INR,2021-04-11,88.8145
INR,2021-04-10,88.8145
INR,2021-04-09,88.8145
INR,2021-04-08,88.5885
INR,2021-04-07,88.3675
INR,2021-04-06,86.7
INR,2021-04-05,86.2275
INR,2021-04-04,86.2275
INR,2021-04-03,86.2275
INR,2021-04-02,86.2275
INR,2021-04-01,86.2275
INR,2021-03-31,85.813
INR,2021-03-30,86.254
INR,2021-03-29,85.5038
INR,2021-03-28,85.4845
INR,2021-03-27,85.4845
INR,2021-03-26,85.4845
INR,2021-03-25,85.7605
INR,2021-03-24,85.8585
INR,2021-03-23,86.1025
INR,2021-03-22,86.2895
INR,2021-03-21,86.2155
INR,2021-03-20,86.2155
INR,2021-03-19,86.2155
INR,2021-03-18,86.6105
INR,2021-03-17,86.429
INR,2021-03-16,86.479
INR,2021-03-15,86.4925
INR,2021-03-14,86.726
INR,2021-03-13,86.726
INR,2021-03-12,86.726
INR,2021-03-11,86.888
INR,2021-03-10,86.81
INR,2021-03-09,86.827
INR,2021-03-08,87.0475
INR,2021-03-07,87.2305
INR,2021-03-06,87.2305
INR,2021-03-05,87.2305
INR,2021-03-04,87.552
INR,2021-03-03,87.7665
INR,2021-03-02,88.259
INR,2021-03-01,88.6665
INR,2021-02-28,89.5766
INR,2021-02-27,89.5766
INR,2021-02-26,89.5766
INR,2021-02-25,88.794
INR,2021-02-24,87.876
INR,2021-02-23,88.0575
INR,2021-02-22,87.972
INR,2021-02-21,88.0145
INR,2021-02-20,88.0145
INR,2021-02-19,88.0145
INR,2021-02-18,87.6695
INR,2021-02-17,87.794
INR,2021-02-16,88.4195
INR,2021-02-15,88.068
INR,2021-02-14,87.877
INR,2021-02-13,87.877
INR,2021-02-12,87.877
INR,2021-02-11,88.404
INR,2021-02-10,88.3185
INR,2021-02-09,88.2765
INR,2021-02-08,87.724
INR,2021-02-07,87.367
INR,2021-02-06,87.367
INR,2021-02-05,87.367
INR,2021-02-04,87.4345
INR,2021-02-03,87.6185
INR,2021-02-02,87.906
INR,2021-02-01,88.345
INR,2021-01-31,88.432
INR,2021-01-30,88.432
INR,2021-01-29,88.432
INR,2021-01-28,88.321
INR,2021-01-27,88.438
INR,2021-01-26,88.5555
INR,2021-01-25,88.63
INR,2021-01-24,88.767
INR,2021-01-23,88.767
INR,2021-01-22,88.767
INR,2021-01-21,88.722
INR,2021-01-20,88.368
INR,2021-01-19,88.7525
INR,2021-01-18,88.4365
INR,2021-01-17,88.6365
INR,2021-01-16,88.6365
INR,2021-01-15,88.6365
INR,2021-01-14,88.6625
INR,2021-01-13,89.0095
INR,2021-01-12,89.0915
INR,2021-01-11,89.346
INR,2021-01-10,89.7975
INR,2021-01-09,89.7975
INR,2021-01-08,89.7975
INR,2021-01-07,90.0455
INR,2021-01-06,90.204
INR,2021-01-05,89.867
INR,2021-01-04,89.789
INR,2021-01-03,89.6605
INR,2021-01-02,89.6605
INR,2021-01-01,89.6605
JPY,2022-01-01,130.38
JPY,2021-12-31,130.38
JPY,2021-12-30,130.44
JPY,2021-12-29,129.97
JPY,2021-12-28,130.16
JPY,2021-12-27,129.79
JPY,2021-12-26,129.45
JPY,2021-12-25,129.45
JPY,2021-12-24,129.45
JPY,2021-12-23,129.39
JPY,2021-12-22,129.08
JPY,2021-12-21,128.44
JPY,2021-12-20,127.98
JPY,2021-12-19,128.28
JPY,2021-12-18,128.28
JPY,2021-12-17,128.28
JPY,2021-12-16,129.37
JPY,2021-12-15,128.25
JPY,2021-12-14,128.45
JPY,2021-12-13,128.19
JPY,2021-12-12,128.2
JPY,2021-12-11,128.2
JPY,2021-12-10,128.2
JPY,2021-12-09,128.21
JPY,2021-12-08,128.57
JPY,2021-12-07,127.83
JPY,2021-12-06,127.78
JPY,2021-12-05,127.97
JPY,2021-12-04,127.97
JPY,2021-12-03,127.97
JPY,2021-12-02,127.94
JPY,2021-12-01,128.27
JPY,2021-11-30,128.2
JPY,2021-11-29,128.21
JPY,2021-11-28,128.82
JPY,2021-11-27,128.82
JPY,2021-11-26,128.82
JPY,2021-11-25,129.41
JPY,2021-11-24,129.06
JPY,2021-11-23,129.36
JPY,2021-11-22,128.69
JPY,2021-11-21,128.22
JPY,2021-11-20,128.22
JPY,2021-11-19,128.22
JPY,2021-11-18,129.58
JPY,2021-11-17,129.78
JPY,2021-11-16,129.89
JPY,2021-11-15,130.32
JPY,2021-11-14,130.5
JPY,2021-11-13,130.5
JPY,2021-11-12,130.5
JPY,2021-11-11,130.59
JPY,2021-11-10,130.9
JPY,2021-11-09,130.9
JPY,2021-11-08,131.29
JPY,2021-11-07,130.98
JPY,2021-11-06,130.98
JPY,2021-11-05,130.98
JPY,2021-11-04,131.77
JPY,2021-11-03,131.9
JPY,2021-11-02,132.03
JPY,2021-11-01,132.19
JPY,2021-10-31,132.62
JPY,2021-10-30,132.62
JPY,2021-10-29,132.62
JPY,2021-10-28,131.7
JPY,2021-10-27,132.0
JPY,2021-10-26,132.47
JPY,2021-10-25,131.88
JPY,2021-10-24,132.43
JPY,2021-10-23,132.43
JPY,2021-10-22,132.43
JPY,2021-10-21,132.85
JPY,2021-10-20,132.78
JPY,2021-10-19,133.12
JPY,2021-10-18,132.46
JPY,2021-10-17,132.65
JPY,2021-10-16,132.65
JPY,2021-10-15,132.65
JPY,2021-10-14,131.65
JPY,2021-10-13,131.3
JPY,2021-10-12,131.06
JPY,2021-10-11,130.7
JPY,2021-10-10,129.32
JPY,2021-10-09,129.32
JPY,2021-10-08,129.32
JPY,2021-10-07,128.78
JPY,2021-10-06,128.52
JPY,2021-10-05,128.99
JPY,2021-10-04,129.21
JPY,2021-10-03,128.97
JPY,2021-10-02,128.97
JPY,2021-10-01,128.97
JPY,2021-09-30,129.67
JPY,2021-09-29,129.89
JPY,2021-09-28,130.17
JPY,2021-09-27,129.74
JPY,2021-09-26,129.49
JPY,2021-09-25,129.49
JPY,2021-09-24,129.49
JPY,2021-09-23,128.88
JPY,2021-09-22,128.5
JPY,2021-09-21,128.34
JPY,2021-09-20,128.18
JPY,2021-09-19,129.61
JPY,2021-09-18,129.61
JPY,2021-09-17,129.61
JPY,2021-09-16,128.67
JPY,2021-09-15,129.11
JPY,2021-09-14,130.08
JPY,2021-09-13,129.62
JPY,2021-09-12,130.03
JPY,2021-09-11,130.03
JPY,2021-09-10,130.03
JPY,2021-09-09,130.1
JPY,2021-09-08,130.31
JPY,2021-09-07,130.51
JPY,2021-09-06,130.34
JPY,2021-09-05,130.54
JPY,2021-09-04,130.54
JPY,2021-09-03,130.54
JPY,2021-09-02,130.31
JPY,2021-09-01,130.35
JPY,2021-08-31,129.95
JPY,2021-08-30,129.66
JPY,2021-08-29,129.59
JPY,2021-08-28,129.59
JPY,2021-08-27,129.59
JPY,2021-08-26,129.6
JPY,2021-08-25,129.0
JPY,2021-08-24,128.74
JPY,2021-08-23,129.02
JPY,2021-08-22,127.97
JPY,2021-08-21,127.97
JPY,2021-08-20,127.97
JPY,2021-08-19,128.21
JPY,2021-08-18,128.67
JPY,2021-08-17,128.57
JPY,2021-08-16,128.75
JPY,2021-08-15,129.64
JPY,2021-08-14,129.64
JPY,2021-08-13,129.64
JPY,2021-08-12,129.61
JPY,2021-08-11,129.68
JPY,2021-08-10,129.48
JPY,2021-08-09,129.5
JPY,2021-08-08,129.64
JPY,2021-08-07,129.64
JPY,2021-08-06,129.64
JPY,2021-08-05,129.79
JPY,2021-08-04,129.31
JPY,2021-08-03,129.7
JPY,2021-08-02,130.17
JPY,2021-08-01,130.39
JPY,2021-07-31,130.39
JPY,2021-07-30,130.39
JPY,2021-07-29,130.41
JPY,2021-07-28,129.97
JPY,2021-07-27,129.98
JPY,2021-07-26,130.05
JPY,2021-07-25,130.11
JPY,2021-07-24,130.11
JPY,2021-07-23,130.11
JPY,2021-07-22,129.83
JPY,2021-07-21,129.63
JPY,2021-07-20,129.03
JPY,2021-07-19,128.96
JPY,2021-07-18,130.03
JPY,2021-07-17,130.03
JPY,2021-07-16,130.03
JPY,2021-07-15,129.93
JPY,2021-07-14,130.3
JPY,2021-07-13,130.55
JPY,2021-07-12,130.55
JPY,2021-07-11,130.46
JPY,2021-07-10,130.46
JPY,2021-07-09,130.46
JPY,2021-07-08,129.91
JPY,2021-07-07,130.86
JPY,2021-07-06,130.99
JPY,2021-07-05,131.58
JPY,2021-07-04,131.74
JPY,2021-07-03,131.74
JPY,2021-07-02,131.74
JPY,2021-07-01,132.42
JPY,2021-06-30,131.43
JPY,2021-06-29,131.54
JPY,2021-06-28,132.13
JPY,2021-06-27,132.27
JPY,2021-06-26,132.27
JPY,2021-06-25,132.27
JPY,2021-06-24,132.2
JPY,2021-06-23,132.44
JPY,2021-06-22,131.5
JPY,2021-06-21,130.91
JPY,2021-06-20,131.12
JPY,2021-06-19,131.12
JPY,2021-06-18,131.12
JPY,2021-06-17,132.09
JPY,2021-06-16,133.19
JPY,2021-06-15,133.28
JPY,2021-06-14,132.95
JPY,2021-06-13,132.88
JPY,2021-06-12,132.88
JPY,2021-06-11,132.88
JPY,2021-06-10,133.35
JPY,2021-06-09,133.38
JPY,2021-06-08,133.28
JPY,2021-06-07,132.98
JPY,2021-06-06,133.39
JPY,2021-06-05,133.39
JPY,2021-06-04,133.39
JPY,2021-06-03,133.81
JPY,2021-06-02,133.72
JPY,2021-06-01,134.05
JPY,2021-05-31,133.79
JPY,2021-05-30,133.65
JPY,2021-05-29,133.65
JPY,2021-05-28,133.65
JPY,2021-05-27,133.42
JPY,2021-05-26,133.16
JPY,2021-05-25,133.49
JPY,2021-05-24,132.97
JPY,2021-05-23,132.61
JPY,2021-05-22,132.61
JPY,2021-05-21,132.61
JPY,2021-05-20,132.95
JPY,2021-05-19,133.3
JPY,2021-05-18,133.09
JPY,2021-05-17,132.6
JPY,2021-05-16,132.49
JPY,2021-05-15,132.49
JPY,2021-05-14,132.49
JPY,2021-05-13,132.37
JPY,2021-05-12,131.82
JPY,2021-05-11,132.12
JPY,2021-05-10,132.31
JPY,2021-05-09,131.76
JPY,2021-05-08,131.76
JPY,2021-05-07,131.76
JPY,2021-05-06,131.69
JPY,2021-05-05,131.2
JPY,2021-05-04,131.26
JPY,2021-05-03,131.9
JPY,2021-05-02,131.62
JPY,2021-05-01,131.62
JPY,2021-04-30,131.62
JPY,2021-04-29,132.2
JPY,2021-04-28,131.47
JPY,2021-04-27,130.88
JPY,2021-04-26,130.54
JPY,2021-04-25,129.98
JPY,2021-04-24,129.98
JPY,2021-04-23,129.98
JPY,2021-04-22,130.3
JPY,2021-04-21,129.8
JPY,2021-04-20,130.64
JPY,2021-04-19,130.09
JPY,2021-04-18,130.37
JPY,2021-04-17,130.37
JPY,2021-04-16,130.37
JPY,2021-04-15,130.14
JPY,2021-04-14,130.33
JPY,2021-04-13,130.23
JPY,2021-04-12,130.2
JPY,2021-04-11,130.42
JPY,2021-04-10,130.42
JPY,2021-04-09,130.42
JPY,2021-04-08,129.71
JPY,2021-04-07,130.56
JPY,2021-04-06,130.27
JPY,2021-04-05,130.03
JPY,2021-04-04,130.03
JPY,2021-04-03,130.03
JPY,2021-04-02,130.03
JPY,2021-04-01,130.03
JPY,2021-03-31,129.91
JPY,2021-03-30,129.48
JPY,2021-03-29,129.19
JPY,2021-03-28,129.34
JPY,2021-03-27,129.34
JPY,2021-03-26,129.34
JPY,2021-03-25,128.75
JPY,2021-03-24,128.6
JPY,2021-03-23,128.99
JPY,2021-03-22,129.77
JPY,2021-03-21,129.54
JPY,2021-03-20,129.54
JPY,2021-03-19,129.54
JPY,2021-03-18,130.08
JPY,2021-03-17,130.02
JPY,2021-03-16,129.88
JPY,2021-03-15,130.17
JPY,2021-03-14,130.14
JPY,2021-03-13,130.14
JPY,2021-03-12,130.14
JPY,2021-03-11,129.82
JPY,2021-03-10,129.12
JPY,2021-03-09,129.5
JPY,2021-03-08,128.9
JPY,2021-03-07,129.3
JPY,2021-03-06,129.3
JPY,2021-03-05,129.3
JPY,2021-03-04,129.23
JPY,2021-03-03,128.81
JPY,2021-03-02,128.58
JPY,2021-03-01,128.63
JPY,2021-02-28,128.83
JPY,2021-02-27,128.83
JPY,2021-02-26,128.83
JPY,2021-02-25,129.73
JPY,2021-02-24,128.69
JPY,2021-02-23,127.98
JPY,2021-02-22,128.0
JPY,2021-02-21,127.81
JPY,2021-02-20,127.81
JPY,2021-02-19,127.81
JPY,2021-02-18,127.69
JPY,2021-02-17,127.94
JPY,2021-02-16,128.16
JPY,2021-02-15,127.72
JPY,2021-02-14,127.15
JPY,2021-02-13,127.15
JPY,2021-02-12,127.15
JPY,2021-02-11,127.12
JPY,2021-02-10,127.04
JPY,2021-02-09,126.58
JPY,2021-02-08,126.97
JPY,2021-02-07,126.72
JPY,2021-02-06,126.72
JPY,2021-02-05,126.72
JPY,2021-02-04,126.24
JPY,2021-02-03,126.25
JPY,2021-02-02,126.46
JPY,2021-02-01,126.77
JPY,2021-01-31,127.05
JPY,2021-01-30,127.05
JPY,2021-01-29,127.05
JPY,2021-01-28,126.2
JPY,2021-01-27,125.87
JPY,2021-01-26,125.93
JPY,2021-01-25,126.06
JPY,2021-01-24,126.19
JPY,2021-01-23,126.19
JPY,2021-01-22,126.19
JPY,2021-01-21,125.72
JPY,2021-01-20,125.62
JPY,2021-01-19,126.16
JPY,2021-01-18,125.18
JPY,2021-01-17,125.74
JPY,2021-01-16,125.74
JPY,2021-01-15,125.74
JPY,2021-01-14,126.21
JPY,2021-01-13,126.44
JPY,2021-01-12,126.74
JPY,2021-01-11,126.76
JPY,2021-01-10,127.26
JPY,2021-01-09,127.26
JPY,2021-01-08,127.26
JPY,2021-01-07,127.13
JPY,2021-01-06,127.03
JPY,2021-01-05,126.25
JPY,2021-01-04,126.62
JPY,2021-01-03,126.49
JPY,2021-01-02,126.49
JPY,2021-01-01,126.49
SGD,2022-01-01,1.5279
SGD,2021-12-31,1.5279
SGD,2021-12-30,1.533
SGD,2021-12-29,1.5309
SGD,2021-12-28,1.5335
SGD,2021-12-27,1.5354
SGD,2021-12-26,1.5343
SGD,2021-12-25,1.5343
SGD,2021-12-24,1.5343
SGD,2021-12-23,1.5379
SGD,2021-12-22,1.5422
SGD,2021-12-21,1.5414
SGD,2021-12-20,1.5415
SGD,2021-12-19,1.5459
SGD,2021-12-18,1.5459
SGD,2021-12-17,1.5459
SGD,2021-12-16,1.5455
SGD,2021-12-15,1.5405
SGD,2021-12-14,1.5469
SGD,2021-12-13,1.542
SGD,2021-12-12,1.5396
SGD,2021-12-11,1.5396
SGD,2021-12-10,1.5396
SGD,2021-12-09,1.5446
SGD,2021-12-08,1.5415
SGD,2021-12-07,1.538
SGD,2021-12-06,1.5456
SGD,2021-12-05,1.5466
SGD,2021-12-04,1.5466
SGD,2021-12-03,1.5466
SGD,2021-12-02,1.5501
SGD,2021-12-01,1.5431
SGD,2021-11-30,1.5521
SGD,2021-11-29,1.5441
SGD,2021-11-28,1.547
SGD,2021-11-27,1.547
SGD,2021-11-26,1.547
SGD,2021-11-25,1.535
SGD,2021-11-24,1.533
SGD,2021-11-23,1.5381
SGD,2021-11-22,1.5357
SGD,2021-11-21,1.5344
SGD,2021-11-20,1.5344
SGD,2021-11-19,1.5344
SGD,2021-11-18,1.5408
SGD,2021-11-17,1.5364
SGD,2021-11-16,1.5393
SGD,2021-11-15,1.5457
SGD,2021-11-14,1.5494
SGD,2021-11-13,1.5494
SGD,2021-11-12,1.5494
SGD,2021-11-11,1.5516
SGD,2021-11-10,1.5585
SGD,2021-11-09,1.5601
SGD,2021-11-08,1.5611
SGD,2021-11-07,1.5581
SGD,2021-11-06,1.5581
SGD,2021-11-05,1.5581
SGD,2021-11-04,1.5627
SGD,2021-11-03,1.5627
SGD,2021-11-02,1.5637
SGD,2021-11-01,1.5624
SGD,2021-10-31,1.5676
SGD,2021-10-30,1.5676
SGD,2021-10-29,1.5676
SGD,2021-10-28,1.5623
SGD,2021-10-27,1.5665
SGD,2021-10-26,1.5637
SGD,2021-10-25,1.5633
SGD,2021-10-24,1.5669
SGD,2021-10-23,1.5669
SGD,2021-10-22,1.5669
SGD,2021-10-21,1.5672
SGD,2021-10-20,1.5629
SGD,2021-10-19,1.5666
SGD,2021-10-18,1.5659
SGD,2021-10-17,1.5637
SGD,2021-10-16,1.5637
SGD,2021-10-15,1.5637
SGD,2021-10-14,1.5642
SGD,2021-10-13,1.5646
SGD,2021-10-12,1.5664
SGD,2021-10-11,1.5665
SGD,2021-10-10,1.5681
SGD,2021-10-09,1.5681
SGD,2021-10-08,1.5681
SGD,2021-10-07,1.5697
SGD,2021-10-06,1.5712
SGD,2021-10-05,1.5743
SGD,2021-10-04,1.5777
SGD,2021-10-03,1.5733
SGD,2021-10-02,1.5733
SGD,2021-10-01,1.5733
SGD,2021-09-30,1.576
SGD,2021-09-29,1.5822
SGD,2021-09-28,1.5846
SGD,2021-09-27,1.584
SGD,2021-09-26,1.5865
SGD,2021-09-25,1.5865
SGD,2021-09-24,1.5865
SGD,2021-09-23,1.5798
SGD,2021-09-22,1.5855
SGD,2021-09-21,1.5866
SGD,2021-09-20,1.5839
SGD,2021-09-19,1.5851
SGD,2021-09-18,1.5851
SGD,2021-09-17,1.5851
SGD,2021-09-16,1.5805
SGD,2021-09-15,1.586
SGD,2021-09-14,1.587
SGD,2021-09-13,1.5821
SGD,2021-09-12,1.5847
SGD,2021-09-11,1.5847
SGD,2021-09-10,1.5847
SGD,2021-09-09,1.5901
SGD,2021-09-08,1.5909
SGD,2021-09-07,1.5956
SGD,2021-09-06,1.5926
SGD,2021-09-05,1.5941
SGD,2021-09-04,1.5941
SGD,2021-09-03,1.5941
SGD,2021-09-02,1.5921
SGD,2021-09-01,1.5916
SGD,2021-08-31,1.5897
SGD,2021-08-30,1.5881
SGD,2021-08-29,1.5888
SGD,2021-08-28,1.5888
SGD,2021-08-27,1.5888
SGD,2021-08-26,1.592
SGD,2021-08-25,1.5901
SGD,2021-08-24,1.5918
SGD,2021-08-23,1.5924
SGD,2021-08-22,1.5907
SGD,2021-08-21,1.5907
SGD,2021-08-20,1.5907
SGD,2021-08-19,1.5942
SGD,2021-08-18,1.5942
SGD,2021-08-17,1.5993
SGD,2021-08-16,1.5967
SGD,2021-08-15,1.5967
SGD,2021-08-14,1.5967
SGD,2021-08-13,1.5967
SGD,2021-08-12,1.5933
SGD,2021-08-11,1.5924
SGD,2021-08-10,1.592
SGD,2021-08-09,1.5943
SGD,2021-08-08,1.5952
SGD,2021-08-07,1.5952
SGD,2021-08-06,1.5952
SGD,2021-08-05,1.5996
SGD,2021-08-04,1.6
SGD,2021-08-03,1.6056
SGD,2021-08-02,1.6069
SGD,2021-08-01,1.609
SGD,2021-07-31,1.609
SGD,2021-07-30,1.609
SGD,2021-07-29,1.6072
SGD,2021-07-28,1.6057
SGD,2021-07-27,1.6059
SGD,2021-07-26,1.6032
SGD,2021-07-25,1.5997
SGD,2021-07-24,1.5997
SGD,2021-07-23,1.5997
SGD,2021-07-22,1.602
SGD,2021-07-21,1.6104
SGD,2021-07-20,1.6106
SGD,2021-07-19,1.6045
SGD,2021-07-18,1.5993
SGD,2021-07-17,1.5993
SGD,2021-07-16,1.5993
SGD,2021-07-15,1.5995
SGD,2021-07-14,1.599
SGD,2021-07-13,1.6014
SGD,2021-07-12,1.6027
SGD,2021-07-11,1.6029
SGD,2021-07-10,1.6029
SGD,2021-07-09,1.6029
SGD,2021-07-08,1.602
SGD,2021-07-07,1.5924
SGD,2021-07-06,1.592
SGD,2021-07-05,1.596
SGD,2021-07-04,1.5969
SGD,2021-07-03,1.5969
SGD,2021-07-02,1.5969
SGD,2021-07-01,1.5989
SGD,2021-06-30,1.5976
SGD,2021-06-29,1.5985
SGD,2021-06-28,1.6014
SGD,2021-06-27,1.6035
SGD,2021-06-26,1.6035
SGD,2021-06-25,1.6035
SGD,2021-06-24,1.6039
SGD,2021-06-23,1.6064
SGD,2021-06-22,1.6009
SGD,2021-06-21,1.5989
SGD,2021-06-20,1.5978
SGD,2021-06-19,1.5978
SGD,2021-06-18,1.5978
SGD,2021-06-17,1.6
SGD,2021-06-16,1.6073
SGD,2021-06-15,1.6063
SGD,2021-06-14,1.607
SGD,2021-06-13,1.606
SGD,2021-06-12,1.606
SGD,2021-06-11,1.606
SGD,2021-06-10,1.6129
SGD,2021-06-09,1.6133
SGD,2021-06-08,1.612
SGD,2021-06-07,1.6093
SGD,2021-06-06,1.6094
SGD,2021-06-05,1.6094
SGD,2021-06-04,1.6094
SGD,2021-06-03,1.6141
SGD,2021-06-02,1.6129
SGD,2021-06-01,1.6169
SGD,2021-05-31,1.613
SGD,2021-05-30,1.6102
SGD,2021-05-29,1.6102
SGD,2021-05-28,1.6102
SGD,2021-05-27,1.6146
SGD,2021-05-26,1.6189
SGD,2021-05-25,1.6255
SGD,2021-05-24,1.6236
SGD,2021-05-23,1.6218
SGD,2021-05-22,1.6218
SGD,2021-05-21,1.6218
SGD,2021-05-20,1.6261
SGD,2021-05-19,1.6265
SGD,2021-05-18,1.6245
SGD,2021-05-17,1.623
SGD,2021-05-16,1.6161
SGD,2021-05-15,1.6161
SGD,2021-05-14,1.6161
SGD,2021-05-13,1.612
SGD,2021-05-12,1.6103
SGD,2021-05-11,1.6125
SGD,2021-05-10,1.611
SGD,2021-05-09,1.6061
SGD,2021-05-08,1.6061
SGD,2021-05-07,1.6061
SGD,2021-05-06,1.6096
SGD,2021-05-05,1.6035
SGD,2021-05-04,1.6073
SGD,2021-05-03,1.6044
SGD,2021-05-02,1.6045
SGD,2021-05-01,1.6045
SGD,2021-04-30,1.6045
SGD,2021-04-29,1.6076
SGD,2021-04-28,1.601
SGD,2021-04-27,1.6024
SGD,2021-04-26,1.6027
SGD,2021-04-25,1.601
SGD,2021-04-24,1.601
SGD,2021-04-23,1.601
SGD,2021-04-22,1.6001
SGD,2021-04-21,1.5971
SGD,2021-04-20,1.6009
SGD,2021-04-19,1.6014
SGD,2021-04-18,1.598
SGD,2021-04-17,1.598
SGD,2021-04-16,1.598
SGD,2021-04-15,1.5974
SGD,2021-04-14,1.5998
SGD,2021-04-13,1.5981
SGD,2021-04-12,1.5964
SGD,2021-04-11,1.5941
SGD,2021-04-10,1.5941
SGD,2021-04-09,1.5941
SGD,2021-04-08,1.5916
SGD,2021-04-07,1.5917
SGD,2021-04-06,1.584
SGD,2021-04-05,1.5801
SGD,2021-04-04,1.5801
SGD,2021-04-03,1.5801
SGD,2021-04-02,1.5801
SGD,2021-04-01,1.5801
SGD,2021-03-31,1.5768
SGD,2021-03-30,1.5815
SGD,2021-03-29,1.586
SGD,2021-03-28,1.5865
SGD,2021-03-27,1.5865
SGD,2021-03-26,1.5865
SGD,2021-03-25,1.5899
SGD,2021-03-24,1.5917
SGD,2021-03-23,1.5955
SGD,2021-03-22,1.5992
SGD,2021-03-21,1.597
SGD,2021-03-20,1.597
SGD,2021-03-19,1.597
SGD,2021-03-18,1.6013
SGD,2021-03-17,1.6036
SGD,2021-03-16,1.6049
SGD,2021-03-15,1.604
SGD,2021-03-14,1.6053
SGD,2021-03-13,1.6053
SGD,2021-03-12,1.6053
SGD,2021-03-11,1.6032
SGD,2021-03-10,1.6019
SGD,2021-03-09,1.6011
SGD,2021-03-08,1.5996
SGD,2021-03-07,1.6008
SGD,2021-03-06,1.6008
SGD,2021-03-05,1.6008
SGD,2021-03-04,1.6024
SGD,2021-03-03,1.6041
SGD,2021-03-02,1.6016
SGD,2021-03-01,1.6042
SGD,2021-02-28,1.6106
SGD,2021-02-27,1.6106
SGD,2021-02-26,1.6106
SGD,2021-02-25,1.612
SGD,2021-02-24,1.6049
SGD,2021-02-23,1.6048
SGD,2021-02-22,1.6058
SGD,2021-02-21,1.6059
SGD,2021-02-20,1.6059
SGD,2021-02-19,1.6059
SGD,2021-02-18,1.6028
SGD,2021-02-17,1.6028
SGD,2021-02-16,1.6086
SGD,2021-02-15,1.6046
SGD,2021-02-14,1.6066
SGD,2021-02-13,1.6066
SGD,2021-02-12,1.6066
SGD,2021-02-11,1.608
SGD,2021-02-10,1.608
SGD,2021-02-09,1.6074
SGD,2021-02-08,1.6067
SGD,2021-02-07,1.6033
SGD,2021-02-06,1.6033
SGD,2021-02-05,1.6033
SGD,2021-02-04,1.6025
SGD,2021-02-03,1.6021
SGD,2021-02-02,1.6041
SGD,2021-02-01,1.6092
SGD,2021-01-31,1.6121
SGD,2021-01-30,1.6121
SGD,2021-01-29,1.6121
SGD,2021-01-28,1.6119
SGD,2021-01-27,1.6088
SGD,2021-01-26,1.6099
SGD,2021-01-25,1.6124
SGD,2021-01-24,1.6149
SGD,2021-01-23,1.6149
SGD,2021-01-22,1.6149
SGD,2021-01-21,1.6081
SGD,2021-01-20,1.6054
SGD,2021-01-19,1.6114
SGD,2021-01-18,1.6078
SGD,2021-01-17,1.6105
SGD,2021-01-16,1.6105
SGD,2021-01-15,1.6105
SGD,2021-01-14,1.609
SGD,2021-01-13,1.6139
SGD,2021-01-12,1.6146
SGD,2021-01-11,1.618
SGD,2021-01-10,1.6228
SGD,2021-01-09,1.6228
SGD,2021-01-08,1.6228
SGD,2021-01-07,1.6253
SGD,2021-01-06,1.6246
SGD,2021-01-05,1.618
SGD,2021-01-04,1.6198
SGD,2021-01-03,1.6218
SGD,2021-01-02,1.6218
SGD,2021-01-01,1.6218
USD,2022-01-01,1.1326
USD,2021-12-31,1.1326
USD,2021-12-30,1.1334
USD,2021-12-29,1.1303
USD,2021-12-28,1.1331
USD,2021-12-27,1.1312
USD,2021-12-26,1.1317
USD,2021-12-25,1.1317
USD,2021-12-24,1.1317
USD,2021-12-23,1.131
USD,2021-12-22,1.1301
USD,2021-12-21,1.1295
USD,2021-12-20,1.1273
USD,2021-12-19,1.133
USD,2021-12-18,1.133
USD,2021-12-17,1.133
USD,2021-12-16,1.1336
USD,2021-12-15,1.1262
USD,2021-12-14,1.1309
USD,2021-12-13,1.1278
USD,2021-12-12,1.1273
USD,2021-12-11,1.1273
USD,2021-12-10,1.1273
USD,2021-12-09,1.1311
USD,2021-12-08,1.1299
USD,2021-12-07,1.1256
USD,2021-12-06,1.1287
USD,2021-12-05,1.1291
USD,2021-12-04,1.1291
USD,2021-12-03,1.1291
USD,2021-12-02,1.1339
USD,2021-12-01,1.1314
USD,2021-11-30,1.1363
USD,2021-11-29,1.1276
USD,2021-11-28,1.1291
USD,2021-11-27,1.1291
USD,2021-11-26,1.1291
USD,2021-11-25,1.1223
USD,2021-11-24,1.1206
USD,2021-11-23,1.1259
USD,2021-11-22,1.1278
USD,2021-11-21,1.1271
USD,2021-11-20,1.1271
USD,2021-11-19,1.1271
USD,2021-11-18,1.1345
USD,2021-11-17,1.1316
USD,2021-11-16,1.1368
USD,2021-11-15,1.1444
USD,2021-11-14,1.1448
USD,2021-11-13,1.1448
USD,2021-11-12,1.1448
USD,2021-11-11,1.146
USD,2021-11-10,1.1558
USD,2021-11-09,1.1577
USD,2021-11-08,1.1579
USD,2021-11-07,1.1519
USD,2021-11-06,1.1519
USD,2021-11-05,1.1519
USD,2021-11-04,1.1569
USD,2021-11-03,1.1578
USD,2021-11-02,1.1603
USD,2021-11-01,1.1578
USD,2021-10-31,1.1645
USD,2021-10-30,1.1645
USD,2021-10-29,1.1645
USD,2021-10-28,1.1593
USD,2021-10-27,1.1617
USD,2021-10-26,1.1618
USD,2021-10-25,1.1603
USD,2021-10-24,1.163
USD,2021-10-23,1.163
USD,2021-10-22,1.163
USD,2021-10-21,1.1637
USD,2021-10-20,1.1623
USD,2021-10-19,1.1655
USD,2021-10-18,1.1604
USD,2021-10-17,1.1602
USD,2021-10-16,1.1602
USD,2021-10-15,1.1602
USD,2021-10-14,1.1602
USD,2021-10-13,1.1562
USD,2021-10-12,1.1555
USD,2021-10-11,1.1574
USD,2021-10-10,1.1569
USD,2021-10-09,1.1569
USD,2021-10-08,1.1569
USD,2021-10-07,1.1562
USD,2021-10-06,1.1542
USD,2021-10-05,1.1602
USD,2021-10-04,1.1636
USD,2021-10-03,1.16
USD,2021-10-02,1.16
USD,2021-10-01,1.16
USD,2021-09-30,1.1579
USD,2021-09-29,1.1654
USD,2021-09-28,1.1678
USD,2021-09-27,1.1698
USD,2021-09-26,1.1719
USD,2021-09-25,1.1719
USD,2021-09-24,1.1719
USD,2021-09-23,1.1715
USD,2021-09-22,1.1729
USD,2021-09-21,1.1738
USD,2021-09-20,1.1711
USD,2021-09-19,1.178
USD,2021-09-18,1.178
USD,2021-09-17,1.178
USD,2021-09-16,1.1763
USD,2021-09-15,1.1824
USD,2021-09-14,1.1814
USD,2021-09-13,1.178
USD,2021-09-12,1.1841
USD,2021-09-11,1.1841
USD,2021-09-10,1.1841
USD,2021-09-09,1.1838
USD,2021-09-08,1.1827
USD,2021-09-07,1.186
USD,2021-09-06,1.1864
USD,2021-09-05,1.1872
USD,2021-09-04,1.1872
USD,2021-09-03,1.1872
USD,2021-09-02,1.1846
USD,2021-09-01,1.1817
USD,2021-08-31,1.1834
USD,2021-08-30,1.1801
USD,2021-08-29,1.1761
USD,2021-08-28,1.1761
USD,2021-08-27,1.1761
USD,2021-08-26,1.1767
USD,2021-08-25,1.1736
USD,2021-08-24,1.174
USD,2021-08-23,1.1718
USD,2021-08-22,1.1671
USD,2021-08-21,1.1671
USD,2021-08-20,1.1671
USD,2021-08-19,1.1696
USD,2021-08-18,1.1723
USD,2021-08-17,1.1767
USD,2021-08-16,1.1772
USD,2021-08-15,1.1765
USD,2021-08-14,1.1765
USD,2021-08-13,1.1765
USD,2021-08-12,1.1739
USD,2021-08-11,1.1718
USD,2021-08-10,1.1722
USD,2021-08-09,1.1761
USD,2021-08-08,1.1807
USD,2021-08-07,1.1807
USD,2021-08-06,1.1807
USD,2021-08-05,1.185
USD,2021-08-04,1.1861
USD,2021-08-03,1.1885
USD,2021-08-02,1.1886
USD,2021-08-01,1.1891
USD,2021-07-31,1.1891
USD,2021-07-30,1.1891
USD,2021-07-29,1.1873
USD,2021-07-28,1.1807
USD,2021-07-27,1.181
USD,2021-07-26,1.1787
USD,2021-07-25,1.1767
USD,2021-07-24,1.1767
USD,2021-07-23,1.1767
USD,2021-07-22,1.1775
USD,2021-07-21,1.1772
USD,2021-07-20,1.1775
USD,2021-07-19,1.1766
USD,2021-07-18,1.1802
USD,2021-07-17,1.1802
USD,2021-07-16,1.1802
USD,2021-07-15,1.1809
USD,2021-07-14,1.1812
USD,2021-07-13,1.1844
USD,2021-07-12,1.1852
USD,2021-07-11,1.1858
USD,2021-07-10,1.1858
USD,2021-07-09,1.1858
USD,2021-07-08,1.1838
USD,2021-07-07,1.1831
USD,2021-07-06,1.1838
USD,2021-07-05,1.1866
USD,2021-07-04,1.1823
USD,2021-07-03,1.1823
USD,2021-07-02,1.1823
USD,2021-07-01,1.1884
USD,2021-06-30,1.1884
USD,2021-06-29,1.1888
USD,2021-06-28,1.191
USD,2021-06-27,1.195
USD,2021-06-26,1.195
USD,2021-06-25,1.195
USD,2021-06-24,1.1936
USD,2021-06-23,1.1951
USD,2021-06-22,1.1894
USD,2021-06-21,1.1891
USD,2021-06-20,1.1898
USD,2021-06-19,1.1898
USD,2021-06-18,1.1898
USD,2021-06-17,1.1937
USD,2021-06-16,1.2124
USD,2021-06-15,1.2108
USD,2021-06-14,1.2112
USD,2021-06-13,1.2125
USD,2021-06-12,1.2125
USD,2021-06-11,1.2125
USD,2021-06-10,1.2174
USD,2021-06-09,1.2195
USD,2021-06-08,1.2182
USD,2021-06-07,1.2162
USD,2021-06-06,1.2117
USD,2021-06-05,1.2117
USD,2021-06-04,1.2117
USD,2021-06-03,1.2187
USD,2021-06-02,1.2186
USD,2021-06-01,1.2225
USD,2021-05-31,1.2201
USD,2021-05-30,1.2142
USD,2021-05-29,1.2142
USD,2021-05-28,1.2142
USD,2021-05-27,1.2198
USD,2021-05-26,1.2229
USD,2021-05-25,1.2264
USD,2021-05-24,1.2212
USD,2021-05-23,1.2188
USD,2021-05-22,1.2188
USD,2021-05-21,1.2188
USD,2021-05-20,1.2203
USD,2021-05-19,1.2212
USD,2021-05-18,1.2222
USD,2021-05-17,1.2143
USD,2021-05-16,1.2123
USD,2021-05-15,1.2123
USD,2021-05-14,1.2123
USD,2021-05-13,1.2081
USD,2021-05-12,1.2118
USD,2021-05-11,1.217
USD,2021-05-10,1.2169
USD,2021-05-09,1.2059
USD,2021-05-08,1.2059
USD,2021-05-07,1.2059
USD,2021-05-06,1.206
USD,2021-05-05,1.2005
USD,2021-05-04,1.2021
USD,2021-05-03,1.2044
USD,2021-05-02,1.2082
USD,2021-05-01,1.2082
USD,2021-04-30,1.2082
USD,2021-04-29,1.2129
USD,2021-04-28,1.207
USD,2021-04-27,1.2088
USD,2021-04-26,1.2085
USD,2021-04-25,1.2066
USD,2021-04-24,1.2066
USD,2021-04-23,1.2066
USD,2021-04-22,1.2046
USD,2021-04-21,1.2007
USD,2021-04-20,1.2051
USD,2021-04-19,1.2035
USD,2021-04-18,1.1986
USD,2021-04-17,1.1986
USD,2021-04-16,1.1986
USD,2021-04-15,1.197
USD,2021-04-14,1.1964
USD,2021-04-13,1.1896
USD,2021-04-12,1.1904
USD,2021-04-11,1.1888
USD,2021-04-10,1.1888
USD,2021-04-09,1.1888
USD,2021-04-08,1.1873
USD,2021-04-07,1.1884
USD,2021-04-06,1.1812
USD,2021-04-05,1.1746
USD,2021-04-04,1.1746
USD,2021-04-03,1.1746
USD,2021-04-02,1.1746
USD,2021-04-01,1.1746
USD,2021-03-31,1.1725
USD,2021-03-30,1.1741
USD,2021-03-29,1.1784
USD,2021-03-28,1.1782
USD,2021-03-27,1.1782
USD,2021-03-26,1.1782
USD,2021-03-25,1.1802
USD,2021-03-24,1.1825
USD,2021-03-23,1.1883
USD,2021-03-22,1.1926
USD,2021-03-21,1.1891
USD,2021-03-20,1.1891
USD,2021-03-19,1.1891
USD,2021-03-18,1.1912
USD,2021-03-17,1.1907
USD,2021-03-16,1.1926
USD,2021-03-15,1.192
USD,2021-03-14,1.1933
USD,2021-03-13,1.1933
USD,2021-03-12,1.1933
USD,2021-03-11,1.1969
USD,2021-03-10,1.1892
USD,2021-03-09,1.1894
USD,2021-03-08,1.1866
USD,2021-03-07,1.1938
USD,2021-03-06,1.1938
USD,2021-03-05,1.1938
USD,2021-03-04,1.2034
USD,2021-03-03,1.2048
USD,2021-03-02,1.2028
USD,2021-03-01,1.2053
USD,2021-02-28,1.2121
USD,2021-02-27,1.2121
USD,2021-02-26,1.2121
USD,2021-02-25,1.2225
USD,2021-02-24,1.2146
USD,2021-02-23,1.2143
USD,2021-02-22,1.2133
USD,2021-02-21,1.2139
USD,2021-02-20,1.2139
USD,2021-02-19,1.2139
USD,2021-02-18,1.2084
USD,2021-02-17,1.206
USD,2021-02-16,1.2143
USD,2021-02-15,1.2129
USD,2021-02-14,1.2108
USD,2021-02-13,1.2108
USD,2021-02-12,1.2108
USD,2021-02-11,1.2147
USD,2021-02-10,1.2127
USD,2021-02-09,1.2104
USD,2021-02-08,1.2025
USD,2021-02-07,1.1983
USD,2021-02-06,1.1983
USD,2021-02-05,1.1983
USD,2021-02-04,1.1996
USD,2021-02-03,1.2017
USD,2021-02-02,1.2044
USD,2021-02-01,1.2084
USD,2021-01-31,1.2136
USD,2021-01-30,1.2136
USD,2021-01-29,1.2136
USD,2021-01-28,1.2091
USD,2021-01-27,1.2114
USD,2021-01-26,1.2143
USD,2021-01-25,1.2152
USD,2021-01-24,1.2158
USD,2021-01-23,1.2158
USD,2021-01-22,1.2158
USD,2021-01-21,1.2158
USD,2021-01-20,1.2101
USD,2021-01-19,1.2132
USD,2021-01-18,1.2064
USD,2021-01-17,1.2123
USD,2021-01-16,1.2123
USD,2021-01-15,1.2123
USD,2021-01-14,1.2124
USD,2021-01-13,1.2166
USD,2021-01-12,1.2161
USD,2021-01-11,1.2163
USD,2021-01-10,1.225
USD,2021-01-09,1.225
USD,2021-01-08,1.225
USD,2021-01-07,1.2276
USD,2021-01-06,1.2338
USD,2021-01-05,1.2271
USD,2021-01-04,1.2296
USD,2021-01-03,1.2271
USD,2021-01-02,1.2271
USD,2021-01-01,1.2271
